{
  "experiment_num": 87,
  "backbone": "mlp",
  "description": "mlp iter 12/25: Wide + deep \u2014 capacity max.",
  "params": {
    "iterations": 400,
    "epochs": 30,
    "lr": 0.001,
    "hidden": [
      256,
      256,
      128
    ]
  },
  "metric": "roc_auc",
  "train_score": 0.9994805471025163,
  "val_score": 0.9963096349650972,
  "composite": 0.9961510893582262,
  "train_metrics": {
    "accuracy": 0.9821428571428571,
    "f1": 0.9826989619377162,
    "precision": 0.9957924263674615,
    "recall": 0.9699453551912568,
    "mcc": 0.964611368953781,
    "roc_auc": 0.9994805471025163,
    "confusion": [
      [
        665,
        3
      ],
      [
        22,
        710
      ]
    ]
  },
  "val_metrics": {
    "accuracy": 0.9633333333333334,
    "f1": 0.9632107023411371,
    "precision": 0.9863013698630136,
    "recall": 0.9411764705882353,
    "mcc": 0.9277154086797168,
    "roc_auc": 0.9963096349650972,
    "confusion": [
      [
        145,
        2
      ],
      [
        9,
        144
      ]
    ]
  },
  "elapsed_sec": 2.3217217922210693,
  "timestamp": "2026-05-15 05:52:42",
  "task_slug": "playground-series-s3e16",
  "uses_test_set": false
}