{
  "experiment_num": 92,
  "backbone": "mlp",
  "description": "mlp iter 17/25: Very wide.",
  "params": {
    "iterations": 400,
    "epochs": 30,
    "lr": 0.001,
    "hidden": [
      512,
      256
    ]
  },
  "metric": "roc_auc",
  "train_score": 0.9997300481005204,
  "val_score": 0.9955982392957183,
  "composite": 0.9953916488554783,
  "train_metrics": {
    "accuracy": 0.9957142857142857,
    "f1": 0.9959128065395095,
    "precision": 0.9932065217391305,
    "recall": 0.9986338797814208,
    "mcc": 0.9914246353735883,
    "roc_auc": 0.9997300481005204,
    "confusion": [
      [
        663,
        5
      ],
      [
        1,
        731
      ]
    ]
  },
  "val_metrics": {
    "accuracy": 0.97,
    "f1": 0.9704918032786886,
    "precision": 0.9736842105263158,
    "recall": 0.9673202614379085,
    "mcc": 0.940004896107496,
    "roc_auc": 0.9955982392957183,
    "confusion": [
      [
        143,
        4
      ],
      [
        5,
        148
      ]
    ]
  },
  "elapsed_sec": 4.0551230907440186,
  "timestamp": "2026-05-15 05:52:55",
  "task_slug": "playground-series-s3e16",
  "uses_test_set": false
}