{
  "experiment_num": 79,
  "backbone": "mlp",
  "description": "mlp iter 4/25: Higher LR \u2014 test if baseline is under-optimised in compute budget.",
  "params": {
    "iterations": 400,
    "epochs": 30,
    "lr": 0.003
  },
  "metric": "roc_auc",
  "train_score": 0.9997774038343722,
  "val_score": 0.9940823136818686,
  "composite": 0.9937975591742434,
  "train_metrics": {
    "accuracy": 0.9942857142857143,
    "f1": 0.9941434846266471,
    "precision": 0.9926900584795322,
    "recall": 0.9956011730205279,
    "mcc": 0.9885687471499421,
    "roc_auc": 0.9997774038343722,
    "confusion": [
      [
        713,
        5
      ],
      [
        3,
        679
      ]
    ]
  },
  "val_metrics": {
    "accuracy": 0.95,
    "f1": 0.9511400651465798,
    "precision": 0.9605263157894737,
    "recall": 0.9419354838709677,
    "mcc": 0.9001357411111524,
    "roc_auc": 0.9940823136818686,
    "confusion": [
      [
        139,
        6
      ],
      [
        9,
        146
      ]
    ]
  },
  "elapsed_sec": 0.566368818283081,
  "timestamp": "2026-05-15 08:46:58",
  "task_slug": "tabular-playground-series-feb-2021",
  "uses_test_set": false
}