{
  "task": "santander-customer-transaction-prediction",
  "name": "santander-customer-transaction-prediction",
  "problem_type": "classification_binary",
  "metric": "roc_auc",
  "champion_backbone": "mlp",
  "champion_composite": 0.9947905522856523,
  "champion_val": 0.9950220009778212,
  "champion_train": 0.9996509748212012,
  "test_score": 0.9965654132655337,
  "test_metrics": {
    "accuracy": 0.9633333333333334,
    "f1": 0.9611307420494699,
    "precision": 0.9577464788732394,
    "recall": 0.9645390070921985,
    "mcc": 0.9264519671063922,
    "roc_auc": 0.9965654132655337,
    "confusion": [
      [
        153,
        6
      ],
      [
        5,
        136
      ]
    ]
  },
  "dsbench_baseline": 0.5,
  "delta_vs_dsbench": 0.4965654132655337,
  "beats_dsbench": true,
  "timestamp": "2026-05-16 17:34:35"
}