{
  "experiment_num": 92,
  "backbone": "mlp",
  "description": "mlp iter 17/25: Very wide.",
  "params": {
    "iterations": 400,
    "epochs": 30,
    "lr": 0.001,
    "hidden": [
      512,
      256
    ]
  },
  "metric": "roc_auc",
  "train_score": 0.9995469350770211,
  "val_score": 0.99887912482066,
  "composite": 0.998845734307842,
  "train_metrics": {
    "accuracy": 0.99,
    "f1": 0.9900426742532006,
    "precision": 0.9830508474576272,
    "recall": 0.997134670487106,
    "mcc": 0.9801006618829774,
    "roc_auc": 0.9995469350770211,
    "confusion": [
      [
        690,
        12
      ],
      [
        2,
        696
      ]
    ]
  },
  "val_metrics": {
    "accuracy": 0.98,
    "f1": 0.9782608695652174,
    "precision": 0.9642857142857143,
    "recall": 0.9926470588235294,
    "mcc": 0.9600952703301212,
    "roc_auc": 0.99887912482066,
    "confusion": [
      [
        159,
        5
      ],
      [
        1,
        135
      ]
    ]
  },
  "elapsed_sec": 2.571871280670166,
  "timestamp": "2026-05-15 08:26:26",
  "task_slug": "tabular-playground-series-apr-2021",
  "uses_test_set": false
}