{
  "experiment_num": 83,
  "backbone": "mlp",
  "description": "mlp iter 8/25: Seed variance run #3.",
  "params": {
    "iterations": 400,
    "epochs": 30,
    "lr": 0.001,
    "seed": 99
  },
  "metric": "roc_auc",
  "train_score": 0.9997489775426738,
  "val_score": 0.9963683644189383,
  "composite": 0.9961993337627515,
  "train_metrics": {
    "accuracy": 0.9935714285714285,
    "f1": 0.9935298346513299,
    "precision": 0.9971139971139971,
    "recall": 0.9899713467048711,
    "mcc": 0.9871676743945954,
    "roc_auc": 0.9997489775426738,
    "confusion": [
      [
        700,
        2
      ],
      [
        7,
        691
      ]
    ]
  },
  "val_metrics": {
    "accuracy": 0.9633333333333334,
    "f1": 0.9602888086642599,
    "precision": 0.9432624113475178,
    "recall": 0.9779411764705882,
    "mcc": 0.9267745238037828,
    "roc_auc": 0.9963683644189383,
    "confusion": [
      [
        156,
        8
      ],
      [
        3,
        133
      ]
    ]
  },
  "elapsed_sec": 0.8339657783508301,
  "timestamp": "2026-05-15 08:26:05",
  "task_slug": "tabular-playground-series-apr-2021",
  "uses_test_set": false
}