{
  "experiment_num": 91,
  "backbone": "mlp",
  "description": "mlp iter 16/25: Mid-small hidden.",
  "params": {
    "iterations": 400,
    "epochs": 30,
    "lr": 0.001,
    "hidden": [
      96,
      48
    ]
  },
  "metric": "roc_auc",
  "train_score": 0.9990697674418605,
  "val_score": 0.9944441975198898,
  "composite": 0.9942129190237913,
  "train_metrics": {
    "accuracy": 0.9842857142857143,
    "f1": 0.9855072463768116,
    "precision": 0.9803407601572739,
    "recall": 0.990728476821192,
    "mcc": 0.9684117502505253,
    "roc_auc": 0.9990697674418605,
    "confusion": [
      [
        630,
        15
      ],
      [
        7,
        748
      ]
    ]
  },
  "val_metrics": {
    "accuracy": 0.9566666666666667,
    "f1": 0.9576547231270358,
    "precision": 0.9423076923076923,
    "recall": 0.9735099337748344,
    "mcc": 0.9138183050134479,
    "roc_auc": 0.9944441975198898,
    "confusion": [
      [
        140,
        9
      ],
      [
        4,
        147
      ]
    ]
  },
  "elapsed_sec": 0.7609219551086426,
  "timestamp": "2026-05-15 05:47:34",
  "task_slug": "playground-series-s3e14",
  "uses_test_set": false
}