sample_id,actual,prediction,correct,confidence
0,55,55,1,0.7046883853360845
1,60,55,0,0.7069751746875008
2,54,55,0,0.6714765131410563
3,55,55,1,0.6742859037628269
4,60,55,0,0.6770459893356677