sample_id,actual,prediction,correct,confidence
0,55,55,1,0.5851745449890877
1,60,55,0,0.5906628394324869
2,54,55,0,0.50546605172102
3,55,55,1,0.5122085892132697
4,60,55,0,0.5188327945880875