sample_id,actual,prediction,correct,confidence
0,55,55,1,0.026827973505073967
1,60,55,0,0.026872369997928292
2,54,55,0,0.026193306576612525
3,55,55,1,0.02624745226254114
4,60,55,0,0.02630070809436348