sample_id,actual,prediction,correct,confidence
0,55,55,1,0.9946132190266026
1,60,55,0,0.9802755846751161
2,54,55,0,0.871433090476474
3,55,49,0,0.4962743074590466
4,60,49,0,0.9041777221560939