sample_id,actual,prediction,correct,confidence
0,55,55,1,0.5339543276975177
1,60,55,0,0.5408146957517668
2,54,55,0,0.43431871111243303
3,55,55,1,0.4427468829777452
4,60,55,0,0.4510271396962674