sample_id,actual,prediction,correct,confidence
0,55,55,1,0.9221691573228608
1,60,55,0,0.9244904092206514
2,54,55,0,0.8558861475631778
3,55,55,1,0.8641314940386056
4,60,55,0,0.871504277625042