sample_id,actual,prediction,correct,confidence
0,55,49,0,0.43463256325891175
1,60,49,0,0.4264977849157361
2,54,49,0,0.5346663234113814
3,55,49,0,0.5227044648249102
4,60,49,0,0.5110524689554593