sample_id,actual,prediction,correct,confidence
0,55,55,1,0.148008446053403
1,60,55,0,0.14871165461121252
2,54,55,0,0.1386868826835788
3,55,55,1,0.13943843234149947
4,60,55,0,0.14018767842261387