sample_id,actual,prediction,correct,confidence
0,55,49,0,0.3762533122288585
1,60,55,0,0.6864266405165527
2,54,49,0,0.3803422213747355
3,55,49,0,0.5624999246129562
4,60,55,0,0.46666660396730975