sample_id,actual,prediction,correct,confidence
0,55,55,1,0.39889089064092254
1,60,55,0,0.5939800180418155
2,54,49,0,0.410696225689081
3,55,49,0,0.5405404693069485
4,60,55,0,0.47694418993242094