sample_id,actual,prediction,correct,confidence
0,55,49,0,0.499999936500008
1,60,55,0,0.7463765426229115
2,54,49,0,0.507246660754209
3,55,49,0,0.749999904750012
4,60,55,0,0.5454544733964675