sample_id,actual,prediction,correct,confidence
0,55,55,1,0.6193213565168011
1,60,55,0,0.6238949352196338
2,54,55,0,0.5528976121267446
3,55,55,1,0.5585163933702861
4,60,55,0,0.5640365645159675