sample_id,actual,prediction,correct,confidence
0,55,55,1,0.25632977661413553
1,60,55,0,0.4267010590322066
2,54,55,0,0.2576278493110294
3,55,49,0,0.30379377316007605
4,60,55,0,0.34451981729555053