sample_id,actual,prediction,correct,confidence
0,55,55,1,0.5668840804135646
1,60,55,0,0.5402221405182447
2,54,55,0,0.499505243838468
3,55,55,1,0.47272385535895567
4,60,55,0,0.4466580849955931