sample_id,actual,prediction,correct,confidence
0,55,55,1,0.4485873002239961
1,60,55,0,0.4577344576571029
2,54,49,0,0.3644069306752778
3,55,49,0,0.3444704996380164
4,60,55,0,0.3380177158906203