sample_id,actual,prediction,correct,confidence
0,55,55,1,0.9946132220104419
1,60,55,0,0.9802755876159425
2,54,55,0,0.871433093090773
3,55,49,0,0.49627430894786934
4,60,49,0,0.9041777248686268