sample_id,actual,prediction,correct,confidence
0,55,55,1,0.42220213565811826
1,60,55,0,0.4267757143609509
2,54,49,0,0.3801119510100296
3,55,49,0,0.3701437355213036
4,60,55,0,0.3669173436572847