sample_id,actual,prediction,correct,confidence
0,55,55,1,0.44858729887823434
1,60,55,0,0.4577344562838997
2,54,49,0,0.3644069295820571
3,55,49,0,0.34447049860460505
4,60,55,0,0.3380177148765673