sample_id,actual,prediction,correct,confidence
0,55,55,1,0.4696281436094434
1,60,55,0,0.43153965815896594
2,54,55,0,0.373372663076643
3,55,55,1,0.3351135367921171
4,60,49,0,0.37499368878664885