sample_id,actual,prediction,correct,confidence
0,55,55,1,0.3807115446665792
1,60,55,0,0.5302737837994793
2,54,49,0,0.5805490146082569
3,55,49,0,0.36726751956056936
4,60,55,0,0.48333264523514485