sample_id,actual,prediction,correct,confidence
0,55,49,0,0.9999998700000168
1,60,55,0,0.999999870000017
2,54,49,0,0.9999998700000168
3,55,49,0,0.9999998700000168
4,60,55,0,0.999999870000017