sample_id,actual,prediction,correct,confidence
0,55,49,0,0.4999999350000084
1,60,55,0,0.7463765403837822
2,54,49,0,0.5072466592324693
3,55,49,0,0.7499999025000126
4,60,55,0,0.5454544717601042