sample_id,actual,prediction,correct,confidence
0,55,49,0,0.3762533111000987
1,60,55,0,0.686426638457273
2,54,49,0,0.380342220233709
3,55,49,0,0.5624999229254566
4,60,55,0,0.46666660256731013