sample_id,actual,prediction,correct,confidence
0,55,55,1,0.39889088944425005
1,60,55,0,0.5939800162598757
2,54,49,0,0.41069622445699244
3,55,49,0,0.5405404676853274
4,60,55,0,0.47694418850158854