sample_id,actual,prediction,correct,confidence
0,78,55,0,0.38159839260356176
1,85,54,0,0.5334601702819957