sample_id,actual,prediction,correct,confidence
0,78,49,0,0.6704326159706989
1,85,49,0,0.6210259713006921