sample_id,actual,prediction,correct,confidence
0,78,55,0,0.34882560901524673
1,85,54,0,0.5042462465326508