sample_id,actual,prediction,correct,confidence
0,78,49,0,0.5029606985121624
1,85,49,0,0.3843847513041462