sample_id,actual,prediction,correct,confidence
0,78,49,0,0.13828561398691577
1,85,49,0,0.12503007686975987