sample_id,actual,prediction,correct,confidence
0,78,49,0,0.4311870196013611
1,85,85,1,0.3911418415539473