sample_id,actual,prediction,correct,confidence
0,78,55,0,0.5072111431738294
1,85,54,0,0.5454544706258122