sample_id,actual,prediction,correct,confidence
0,78,49,0,0.026166253620907513
1,85,49,0,0.025160498233057858