sample_id,actual,prediction,correct,confidence
0,78,49,0,0.55080981778603
1,85,49,0,0.45199652844601645