sample_id,actual,prediction,correct,confidence
0,78,49,0,0.48234509979856244
1,85,49,0,0.36435626650696107