sample_id,actual,prediction,correct,confidence
0,78,54,0,0.4020101294747023
1,85,85,1,0.5209962800613728