sample_id,actual,prediction,correct,confidence
0,78,49,0,0.5202510625062258
1,85,54,0,0.9742710166275906