sample_id,actual,prediction,correct,confidence
0,78,49,0,0.3488581716646072
1,85,54,0,0.3836444545685948