sample_id,actual,prediction,correct,confidence
0,78,54,0,0.5524973748626241
1,85,85,1,0.5162731954633017