sample_id,actual,prediction,correct,confidence
0,78,55,0,0.999999870000017
1,85,54,0,0.999999870000017