sample_id,actual,prediction,correct,confidence
0,78,55,0,0.5072111416521962
1,85,54,0,0.5454544689894489