sample_id,actual,prediction,correct,confidence
0,78,55,0,0.38159839145876673
1,85,54,0,0.5334601686816153