{
  "task": "playground-series-s3e4",
  "name": "playground-series-s3e4",
  "problem_type": "classification_binary",
  "metric": "roc_auc",
  "champion_backbone": "mlp",
  "champion_composite": 0.9953944544344472,
  "champion_val": 0.9956114285714286,
  "champion_train": 0.9999509113110566,
  "test_score": 0.9927526566182029,
  "test_metrics": {
    "accuracy": 0.9433333333333334,
    "f1": 0.9442622950819672,
    "precision": 0.9473684210526315,
    "recall": 0.9411764705882353,
    "mcc": 0.8866561505849366,
    "roc_auc": 0.9927526566182029,
    "confusion": [
      [
        139,
        8
      ],
      [
        9,
        144
      ]
    ]
  },
  "dsbench_baseline": 0.5,
  "delta_vs_dsbench": 0.4927526566182029,
  "beats_dsbench": true,
  "timestamp": "2026-05-16 12:10:16"
}