sample_id,actual,prediction,correct,confidence
0,54,49,0,0.5072111431738294
1,55,55,1,0.8181817059387185