sample_id,actual,prediction,correct,confidence
0,54,60,0,0.0255797499641962
1,55,55,1,0.025607918049504626