sample_id,actual,prediction,correct,confidence
0,54,60,0,0.13035996581926892
1,55,55,1,0.13272408199487487