sample_id,actual,prediction,correct,confidence
0,54,60,0,0.6411090267381216
1,55,60,0,0.5925452858564322