sample_id,actual,prediction,correct,confidence
0,54,60,0,0.7596768934706746
1,55,55,1,0.5875418013640614