sample_id,actual,prediction,correct,confidence
0,54,60,0,0.5470097665065237
1,55,55,1,0.9999928162691194