sample_id,actual,prediction,correct,confidence
0,54,49,0,0.34882560901524673
1,55,55,1,0.662239788804083