sample_id,actual,prediction,correct,confidence
0,54,60,0,0.4325840843539771
1,55,55,1,0.566982409654938