sample_id,actual,prediction,correct,confidence
0,54,49,0,0.3529040746337994
1,55,55,1,0.7083333793885133