sample_id,actual,prediction,correct,confidence
0,54,60,0,0.25762143871771437
1,55,55,1,0.3250949195993545