sample_id,actual,prediction,correct,confidence
0,54,60,0,0.49216263932087556
1,55,55,1,0.4727484298325543