sample_id,actual,prediction,correct,confidence
0,54,49,0,0.470012590681558
1,55,55,1,0.943918331776227