sample_id,actual,prediction,correct,confidence
0,54,49,0,0.43291478085476126
1,55,55,1,0.4727484298325543