sample_id,actual,prediction,correct,confidence
0,54,60,0,0.4821945938583966
1,55,55,1,0.5319800566617494