sample_id,actual,prediction,correct,confidence
0,54,49,0,0.4700125892715204
1,55,55,1,0.9439183289444723