sample_id,actual,prediction,correct,confidence
0,54,60,0,0.3486431631793009
1,55,55,1,0.7592917751389179