sample_id,actual,prediction,correct,confidence
0,54,49,0,0.7759972104280521
1,55,55,1,0.9996082580204851