sample_id,actual,prediction,correct,confidence
0,54,49,0,0.9999998700000168
1,55,55,1,0.999999870000017