sample_id,actual,prediction,correct,confidence
0,54,49,0,0.5072111416521962
1,55,55,1,0.8181817034841737