sample_id,actual,prediction,correct,confidence
0,54,49,0,0.38159839145876673
1,55,55,1,0.7006071971231381