sample_id,actual,prediction,correct,confidence
0,54,49,0,0.34882560796877005
1,55,55,1,0.6622397868173638