{
  "experiment_num": 92,
  "backbone": "mlp",
  "description": "mlp iter 17/25: Very wide.",
  "params": {
    "iterations": 400,
    "epochs": 30,
    "lr": 0.001,
    "hidden": [
      512,
      256
    ]
  },
  "metric": "roc_auc",
  "train_score": 0.9989775176332288,
  "val_score": 0.9970408895265424,
  "composite": 0.996944058121208,
  "train_metrics": {
    "accuracy": 0.9821428571428571,
    "f1": 0.9821810406272273,
    "precision": 0.9745403111739745,
    "recall": 0.9899425287356322,
    "mcc": 0.9644068234483631,
    "roc_auc": 0.9989775176332288,
    "confusion": [
      [
        686,
        18
      ],
      [
        7,
        689
      ]
    ]
  },
  "val_metrics": {
    "accuracy": 0.97,
    "f1": 0.9672727272727273,
    "precision": 0.9568345323741008,
    "recall": 0.9779411764705882,
    "mcc": 0.9397770774748199,
    "roc_auc": 0.9970408895265424,
    "confusion": [
      [
        158,
        6
      ],
      [
        3,
        133
      ]
    ]
  },
  "elapsed_sec": 2.7158331871032715,
  "timestamp": "2026-05-15 05:26:36",
  "task_slug": "playground-series-s3e10",
  "uses_test_set": false
}