{
  "experiment_num": 100,
  "backbone": "mlp",
  "description": "mlp iter 25/25: Final variance seed (6th).",
  "params": {
    "iterations": 400,
    "epochs": 30,
    "lr": 0.001,
    "seed": 7
  },
  "metric": "roc_auc",
  "train_score": 0.9995795884048033,
  "val_score": 0.99164395191921,
  "composite": 0.9912471700949302,
  "train_metrics": {
    "accuracy": 0.9921428571428571,
    "f1": 0.9921708185053381,
    "precision": 0.9914651493598862,
    "recall": 0.9928774928774928,
    "mcc": 0.9842865262626492,
    "roc_auc": 0.9995795884048033,
    "confusion": [
      [
        692,
        6
      ],
      [
        5,
        697
      ]
    ]
  },
  "val_metrics": {
    "accuracy": 0.9433333333333334,
    "f1": 0.9399293286219081,
    "precision": 0.9236111111111112,
    "recall": 0.9568345323741008,
    "mcc": 0.8868289686679289,
    "roc_auc": 0.99164395191921,
    "confusion": [
      [
        150,
        11
      ],
      [
        6,
        133
      ]
    ]
  },
  "elapsed_sec": 1.0138728618621826,
  "timestamp": "2026-05-15 09:24:31",
  "task_slug": "tabular-playground-series-may-2022",
  "uses_test_set": false
}