{
  "experiment_num": 87,
  "backbone": "mlp",
  "description": "mlp iter 12/25: Wide + deep \u2014 capacity max.",
  "params": {
    "iterations": 400,
    "epochs": 30,
    "lr": 0.001,
    "hidden": [
      256,
      256,
      128
    ]
  },
  "metric": "roc_auc",
  "train_score": 0.9998406442874042,
  "val_score": 0.9965331792524112,
  "composite": 0.9963678060006615,
  "train_metrics": {
    "accuracy": 0.9935714285714285,
    "f1": 0.9933579335793358,
    "precision": 0.9926253687315634,
    "recall": 0.9940915805022157,
    "mcc": 0.9871305758104268,
    "roc_auc": 0.9998406442874042,
    "confusion": [
      [
        718,
        5
      ],
      [
        4,
        673
      ]
    ]
  },
  "val_metrics": {
    "accuracy": 0.9633333333333334,
    "f1": 0.9639344262295082,
    "precision": 0.9423076923076923,
    "recall": 0.9865771812080537,
    "mcc": 0.9276963867484652,
    "roc_auc": 0.9965331792524112,
    "confusion": [
      [
        142,
        9
      ],
      [
        2,
        147
      ]
    ]
  },
  "elapsed_sec": 2.7821102142333984,
  "timestamp": "2026-05-15 10:22:38",
  "task_slug": "conways-reverse-game-of-life-2020",
  "uses_test_set": false
}