{
  "experiment_num": 92,
  "backbone": "mlp",
  "description": "mlp iter 17/25: Very wide.",
  "params": {
    "iterations": 400,
    "epochs": 30,
    "lr": 0.001,
    "hidden": [
      512,
      256
    ]
  },
  "metric": "roc_auc",
  "train_score": 0.9995279693486591,
  "val_score": 0.996840934371524,
  "composite": 0.9967065826226672,
  "train_metrics": {
    "accuracy": 0.9978571428571429,
    "f1": 0.9979353062629044,
    "precision": 0.9958791208791209,
    "recall": 1.0,
    "mcc": 0.9957173250742358,
    "roc_auc": 0.9995279693486591,
    "confusion": [
      [
        672,
        3
      ],
      [
        0,
        725
      ]
    ]
  },
  "val_metrics": {
    "accuracy": 0.97,
    "f1": 0.9690721649484536,
    "precision": 0.9657534246575342,
    "recall": 0.9724137931034482,
    "mcc": 0.9399675448017588,
    "roc_auc": 0.996840934371524,
    "confusion": [
      [
        150,
        5
      ],
      [
        4,
        141
      ]
    ]
  },
  "elapsed_sec": 2.860076904296875,
  "timestamp": "2026-05-15 05:10:47",
  "task_slug": "microsoft-malware-prediction",
  "uses_test_set": false
}