{
  "task": "microsoft-malware-prediction",
  "name": "microsoft-malware-prediction",
  "problem_type": "classification_binary",
  "metric": "roc_auc",
  "champion_backbone": "mlp",
  "champion_composite": 0.9967065826226672,
  "champion_val": 0.996840934371524,
  "champion_train": 0.9995279693486591,
  "test_score": 0.9949768847795163,
  "test_metrics": {
    "accuracy": 0.95,
    "f1": 0.9514563106796117,
    "precision": 0.9363057324840764,
    "recall": 0.9671052631578947,
    "mcc": 0.9004387452725792,
    "roc_auc": 0.9949768847795163,
    "confusion": [
      [
        138,
        10
      ],
      [
        5,
        147
      ]
    ]
  },
  "dsbench_baseline": 0.5,
  "delta_vs_dsbench": 0.4949768847795163,
  "beats_dsbench": true,
  "timestamp": "2026-05-16 00:11:06"
}