{
  "experiment_num": 2,
  "backbone": "excel_agent",
  "description": "excel_agent iter 2/25: Alternative baseline: predict the GLOBAL training mode pooled across all 38 Mode",
  "params": {
    "classifier": "global_prior",
    "seed": 42
  },
  "metric": "exact_match_accuracy",
  "train_score": 0.4,
  "val_score": 0.38461538461538464,
  "composite": 0.38461538461538464,
  "train_metrics": {
    "accuracy": 0.4,
    "f1": 0.19047619047619047,
    "precision": 0.13333333333333333,
    "recall": 0.3333333333333333,
    "mcc": 0.0,
    "confusion": [
      [
        4,
        0,
        0
      ],
      [
        2,
        0,
        0
      ],
      [
        4,
        0,
        0
      ]
    ]
  },
  "val_metrics": {
    "accuracy": 0.3333333333333333,
    "f1": 0.25,
    "precision": 0.16666666666666666,
    "recall": 0.5,
    "mcc": 0.0,
    "confusion": [
      [
        1,
        0
      ],
      [
        2,
        0
      ]
    ]
  },
  "elapsed_sec": 0.005586862564086914,
  "timestamp": "2026-05-15 23:43:23",
  "task_slug": "2013-round-2-data-analysis",
  "uses_test_set": false
}