{
  "experiment_num": 3,
  "backbone": "excel_agent",
  "description": "excel_agent iter 3/25: Constant predictor: emit ``C`` for every Modeloff question. The diagnosis report",
  "params": {
    "classifier": "const",
    "const": "C",
    "seed": 42
  },
  "metric": "exact_match_accuracy",
  "train_score": 0.4,
  "val_score": 0.3183168967784353,
  "composite": 0.3183168967784353,
  "train_metrics": {
    "accuracy": 0.4,
    "f1": 0.19047619047619047,
    "precision": 0.13333333333333333,
    "recall": 0.3333333333333333,
    "mcc": 0.0,
    "confusion": [
      [
        0,
        0,
        4
      ],
      [
        0,
        0,
        2
      ],
      [
        0,
        0,
        4
      ]
    ]
  },
  "val_metrics": {
    "accuracy": 0.6666666666666666,
    "f1": 0.4,
    "precision": 0.3333333333333333,
    "recall": 0.5,
    "mcc": 0.0,
    "confusion": [
      [
        0,
        1
      ],
      [
        0,
        2
      ]
    ]
  },
  "elapsed_sec": 0.0040874481201171875,
  "timestamp": "2026-05-16 17:31:24",
  "task_slug": "2013-round-2-data-analysis",
  "uses_test_set": false
}