sample_id,actual,prediction,correct,confidence
0,93,78,0,0.7359125703832233
1,15,78,0,0.5236784078805621