sample_id,actual,prediction,correct,confidence
0,93,78,0,0.35160040149373983
1,15,91,0,0.43314950439254235