sample_id,actual,prediction,correct,confidence
0,93,49,0,0.3160221662621471
1,15,91,0,0.43314950439254235