sample_id,actual,prediction,correct,confidence
0,93,85,0,0.35324604452177055
1,10,91,0,0.44194101864765845