sample_id,actual,prediction,correct,confidence
0,93,85,0,0.2920213261316451
1,15,91,0,0.5410422478105189