sample_id,actual,prediction,correct,confidence
0,93,78,0,0.6073658255463558
1,15,78,0,0.5925451496729368