sample_id,actual,prediction,correct,confidence
0,93,85,0,0.5134818619927348
1,10,91,0,0.5454544717167211