sample_id,actual,prediction,correct,confidence
0,93,85,0,0.38635269311817105
1,10,91,0,0.4674696569475161