sample_id,actual,prediction,correct,confidence
0,93,78,0,0.11491712645252011
1,15,78,0,0.11571170005801316