sample_id,actual,prediction,correct,confidence
0,93,78,0,0.4246762369373444
1,15,78,0,0.3950348851905065