sample_id,actual,prediction,correct,confidence
0,93,85,0,0.38883559243515464
1,10,91,0,0.72086348900307