sample_id,actual,prediction,correct,confidence
0,93,85,0,0.43210736830367613
1,10,91,0,0.39083359035229376