sample_id,actual,prediction,correct,confidence
0,93,78,0,0.35488401221014826
1,10,91,0,0.27312524032222574