sample_id,actual,prediction,correct,confidence
0,93,85,0,0.38883559126864803
1,15,91,0,0.7208634868404797