sample_id,actual,prediction,correct,confidence
0,93,85,0,0.20645755270006863
1,15,91,0,0.3894991814775476