sample_id,actual,prediction,correct,confidence
0,93,85,0,0.828182811197851
1,15,91,0,0.9810264551314078