sample_id,actual,prediction,correct,confidence
0,93,85,0,0.9999998720000156
1,15,91,0,0.9999998720000156