sample_id,actual,prediction,correct,confidence
0,93,85,0,0.5134818604522895
1,15,91,0,0.545454470080358