sample_id,actual,prediction,correct,confidence
0,93,85,0,0.3863526919591132
1,15,91,0,0.46746965554510733