sample_id,actual,prediction,correct,confidence
0,93,85,0,0.35324604346203264
1,15,91,0,0.4419410173218356