{
  "experiment_num": 87,
  "backbone": "mlp",
  "description": "mlp iter 12/25: Wide + deep \u2014 capacity max.",
  "params": {
    "iterations": 400,
    "epochs": 30,
    "lr": 0.001,
    "hidden": [
      256,
      256,
      128
    ]
  },
  "metric": "roc_auc",
  "train_score": 0.9997649300104657,
  "val_score": 0.9929699666295885,
  "composite": 0.9926302184605447,
  "train_metrics": {
    "accuracy": 0.995,
    "f1": 0.9951956074124915,
    "precision": 0.9945130315500685,
    "recall": 0.9958791208791209,
    "mcc": 0.9899844146097113,
    "roc_auc": 0.9997649300104657,
    "confusion": [
      [
        668,
        4
      ],
      [
        3,
        725
      ]
    ]
  },
  "val_metrics": {
    "accuracy": 0.96,
    "f1": 0.959731543624161,
    "precision": 0.934640522875817,
    "recall": 0.9862068965517241,
    "mcc": 0.9213628657818618,
    "roc_auc": 0.9929699666295885,
    "confusion": [
      [
        145,
        10
      ],
      [
        2,
        143
      ]
    ]
  },
  "elapsed_sec": 2.898909091949463,
  "timestamp": "2026-05-15 06:19:08",
  "task_slug": "playground-series-s3e20",
  "uses_test_set": false
}