{
  "experiment_num": 92,
  "backbone": "mlp",
  "description": "mlp iter 17/25: Very wide.",
  "params": {
    "iterations": 400,
    "epochs": 30,
    "lr": 0.001,
    "hidden": [
      512,
      256
    ]
  },
  "metric": "roc_auc",
  "train_score": 0.9994927871040609,
  "val_score": 0.9948442152984578,
  "composite": 0.9946117867081776,
  "train_metrics": {
    "accuracy": 0.99,
    "f1": 0.9907407407407407,
    "precision": 0.9894319682959049,
    "recall": 0.9920529801324504,
    "mcc": 0.9798752680388897,
    "roc_auc": 0.9994927871040609,
    "confusion": [
      [
        637,
        8
      ],
      [
        6,
        749
      ]
    ]
  },
  "val_metrics": {
    "accuracy": 0.96,
    "f1": 0.9594594594594594,
    "precision": 0.9793103448275862,
    "recall": 0.9403973509933775,
    "mcc": 0.9207543446487957,
    "roc_auc": 0.9948442152984578,
    "confusion": [
      [
        146,
        3
      ],
      [
        9,
        142
      ]
    ]
  },
  "elapsed_sec": 2.6589980125427246,
  "timestamp": "2026-05-15 05:47:38",
  "task_slug": "playground-series-s3e14",
  "uses_test_set": false
}