{
  "experiment_num": 87,
  "backbone": "mlp",
  "description": "mlp iter 12/25: Wide + deep \u2014 capacity max.",
  "params": {
    "iterations": 400,
    "epochs": 30,
    "lr": 0.001,
    "hidden": [
      256,
      256,
      128
    ]
  },
  "metric": "roc_auc",
  "train_score": 0.9995142698537095,
  "val_score": 0.995287003690365,
  "composite": 0.9950756403821979,
  "train_metrics": {
    "accuracy": 0.9921428571428571,
    "f1": 0.9920920201294033,
    "precision": 0.9928057553956835,
    "recall": 0.9913793103448276,
    "mcc": 0.9842860773161722,
    "roc_auc": 0.9995142698537095,
    "confusion": [
      [
        699,
        5
      ],
      [
        6,
        690
      ]
    ]
  },
  "val_metrics": {
    "accuracy": 0.96,
    "f1": 0.96,
    "precision": 0.9411764705882353,
    "recall": 0.9795918367346939,
    "mcc": 0.9207683073229291,
    "roc_auc": 0.995287003690365,
    "confusion": [
      [
        144,
        9
      ],
      [
        3,
        144
      ]
    ]
  },
  "elapsed_sec": 2.514531135559082,
  "timestamp": "2026-05-15 08:31:30",
  "task_slug": "tabular-playground-series-aug-2021",
  "uses_test_set": false
}