sample_id,actual,prediction,correct,confidence
0,54,49,0,0.7463997543645186
1,54,49,0,0.7077421414119822