sample_id,actual,prediction,correct,confidence
0,54,49,0,0.17078657017039522
1,54,49,0,0.1725797492990357