sample_id,actual,prediction,correct,confidence
0,54,49,0,0.70831829908052
1,54,49,0,0.7237070202124423