sample_id,actual,prediction,correct,confidence
0,54,49,0,0.02816450811142931
1,54,49,0,0.028270161318104104