sample_id,actual,prediction,correct,confidence
0,54,49,0,0.6853769469735903
1,54,49,0,0.6806282062613734