sample_id,actual,prediction,correct,confidence
0,54,49,0,0.7123976295460291
1,54,49,0,0.6999446310863233