sample_id,actual,prediction,correct,confidence
0,54,49,0,0.9450331188555796
1,54,49,0,0.9540202628906986