sample_id,actual,prediction,correct,confidence
0,54,49,0,0.6878840203118081
1,54,49,0,0.7071199217267109