sample_id,actual,prediction,correct,confidence
0,54,49,0,0.7559982828741812
1,54,49,0,0.7624102500124822