sample_id,actual,prediction,correct,confidence
0,54,49,0,0.4267087576903985
1,54,49,0,0.41408875528248534