sample_id,actual,prediction,correct,confidence
0,54,49,0,0.7038161821006432
1,54,49,0,0.7052194056275303