sample_id,actual,prediction,correct,confidence
0,54,49,0,0.7219411515929947
1,54,49,0,0.7347650858695965