sample_id,actual,prediction,correct,confidence
0,54,49,0,0.6538268890306215
1,54,49,0,0.6794747575838253