sample_id,actual,prediction,correct,confidence
0,54,49,0,0.6652454311469895
1,54,49,0,0.6672500361793858