sample_id,actual,prediction,correct,confidence
0,54,49,0,0.7463997521253195
1,54,49,0,0.7077421392887561