sample_id,actual,prediction,correct,confidence
0,54,49,0,0.6853769449174597
1,54,49,0,0.6806282042194891