sample_id,actual,prediction,correct,confidence
0,54,49,0,0.7123976274088365
1,54,49,0,0.6999446289864897