{
  "task": "titanic",
  "name": "titanic",
  "problem_type": "classification_binary",
  "metric": "roc_auc",
  "champion_backbone": "mlp",
  "champion_composite": 0.9941827196894907,
  "champion_val": 0.9944404910158334,
  "champion_train": 0.999595917542689,
  "test_score": 0.9957264957264957,
  "test_metrics": {
    "accuracy": 0.9666666666666667,
    "f1": 0.967948717948718,
    "precision": 0.967948717948718,
    "recall": 0.967948717948718,
    "mcc": 0.9332264957264957,
    "roc_auc": 0.9957264957264957,
    "confusion": [
      [
        139,
        5
      ],
      [
        5,
        151
      ]
    ]
  },
  "dsbench_baseline": 0.5,
  "delta_vs_dsbench": 0.49572649572649574,
  "beats_dsbench": true,
  "timestamp": "2026-05-16 13:13:04"
}