{
  "experiment_num": 82,
  "backbone": "mlp",
  "description": "mlp iter 7/25: Seed variance run #2.",
  "params": {
    "iterations": 400,
    "epochs": 30,
    "lr": 0.001,
    "seed": 0
  },
  "metric": "roc_auc",
  "train_score": 0.9996977593347438,
  "val_score": 0.9916206097343554,
  "composite": 0.991216752254336,
  "train_metrics": {
    "accuracy": 0.995,
    "f1": 0.9948867786705624,
    "precision": 0.9912663755458515,
    "recall": 0.998533724340176,
    "mcc": 0.9900205022949665,
    "roc_auc": 0.9996977593347438,
    "confusion": [
      [
        712,
        6
      ],
      [
        1,
        681
      ]
    ]
  },
  "val_metrics": {
    "accuracy": 0.9466666666666667,
    "f1": 0.9503105590062112,
    "precision": 0.9329268292682927,
    "recall": 0.9683544303797469,
    "mcc": 0.8935219935520504,
    "roc_auc": 0.9916206097343554,
    "confusion": [
      [
        131,
        11
      ],
      [
        5,
        153
      ]
    ]
  },
  "elapsed_sec": 1.0852484703063965,
  "timestamp": "2026-05-15 08:41:51",
  "task_slug": "tabular-playground-series-dec-2021",
  "uses_test_set": false
}