sample_id,actual,prediction,correct,confidence
0,55,54,0,0.7001653610784303
1,54,54,1,0.7126765854870417
2,60,54,0,0.6850165157462106
3,60,54,0,0.6923890472516718