sample_id,actual,prediction,correct,confidence
0,55,55,1,0.49999993600000814
1,54,49,0,0.743230891762324
2,60,49,0,0.49999993600000814
3,60,54,0,0.8181817134545588