sample_id,actual,prediction,correct,confidence
0,55,54,0,0.02693088671745637
1,54,54,1,0.02717840579162033
2,60,54,0,0.026670482545222345
3,60,54,0,0.026838963299714105