sample_id,actual,prediction,correct,confidence
0,55,54,0,0.37970075713002654
1,54,49,0,0.6975412238091537
2,60,49,0,0.4861089873215466
3,60,54,0,0.6360261213105584