sample_id,actual,prediction,correct,confidence
0,55,49,0,0.5281757608902821
1,54,49,0,0.5461834908710539
2,60,49,0,0.611579330370501
3,60,49,0,0.6261745574527904