sample_id,actual,prediction,correct,confidence
0,55,54,0,0.5203852549245555
1,54,54,1,0.5579189281503895
2,60,54,0,0.4749387189278961
3,60,54,0,0.4970563134442798