sample_id,actual,prediction,correct,confidence
0,55,54,0,0.5743192867707179
1,54,54,1,0.6043462253513852
2,60,54,0,0.5379620579733905
3,60,54,0,0.5556561335864973