sample_id,actual,prediction,correct,confidence
0,55,54,0,0.895538124861878
1,54,54,1,0.9059595791908666
2,60,54,0,0.8360367092148344
3,60,54,0,0.8365448394970925