sample_id,actual,prediction,correct,confidence
0,55,54,0,0.4356208413728293
1,54,49,0,0.807459558134895
2,60,49,0,0.49999993600000814
3,60,54,0,0.6999999104000115