sample_id,actual,prediction,correct,confidence
0,55,54,0,0.8763380995979265
1,54,54,1,0.5614668443416218
2,60,49,0,0.8547451031535577
3,60,49,0,0.9702130873184363