sample_id,actual,prediction,correct,confidence
0,55,54,0,0.14986572977077608
1,54,54,1,0.15392090415160117
2,60,54,0,0.14637985779143828
3,60,54,0,0.14924789669086566