sample_id,actual,prediction,correct,confidence
0,55,54,0,0.41315608714281005
1,54,54,1,0.43817853596003276
2,60,49,0,0.44420612347596267
3,60,49,0,0.4563688127112038