sample_id,actual,prediction,correct,confidence
0,55,54,0,0.2563297759137031
1,54,49,0,0.3224738576694214
2,60,49,0,0.22875151755171197
3,60,54,0,0.45144927042144206