sample_id,actual,prediction,correct,confidence
0,55,54,0,0.4304952031391034
1,54,54,1,0.48054010092368343
2,60,49,0,0.49259527599170877
3,60,49,0,0.5169206545351672