sample_id,actual,prediction,correct,confidence
0,55,54,0,0.6102753080014929
1,54,54,1,0.6352977568187156
2,60,54,0,0.5799776173370533
3,60,54,0,0.5947226803479758