sample_id,actual,prediction,correct,confidence
0,55,54,0,0.8763381022269405
1,54,54,1,0.561466846026022
2,60,49,0,0.8547451057177927
3,60,49,0,0.9702130902290752