sample_id,actual,prediction,correct,confidence
0,55,54,0,0.553457734210055
1,54,54,1,0.5404221916773573
2,60,54,0,0.5083789305438181
3,60,54,0,0.48638004481634567