sample_id,actual,prediction,correct,confidence
0,55,54,0,0.4304952018476179
1,54,54,1,0.48054009948206333
2,60,49,0,0.49259527451392315
3,60,49,0,0.5169206529844054