sample_id,actual,prediction,correct,confidence
0,55,54,0,0.4504476490905423
1,54,54,1,0.4318254455282695
2,60,49,0,0.4805142599114083
3,60,49,0,0.5444990777755202