sample_id,actual,prediction,correct,confidence
0,55,49,0,0.404930284297962
1,54,54,1,0.6007969913003938
2,60,49,0,0.5254795447618045
3,60,54,0,0.5319989645770465