sample_id,actual,prediction,correct,confidence
0,55,55,1,0.9999998690000172
1,54,49,0,0.999999869000017
2,60,55,0,0.9999998690000172
3,60,54,0,0.9999998690000172