sample_id,actual,prediction,correct,confidence
0,55,55,1,0.4999999345000085
1,54,49,0,0.7432308895326317
2,60,49,0,0.4999999345000085
3,60,54,0,0.8181817110000139