sample_id,actual,prediction,correct,confidence
0,55,54,0,0.4356208400659669
1,54,49,0,0.8074595557125166
2,60,49,0,0.4999999345000085
3,60,54,0,0.699999908300012