sample_id,actual,prediction,correct,confidence
0,55,54,0,0.3797007559909244
1,54,49,0,0.6975412217165303
2,60,49,0,0.4861089858632199
3,60,54,0,0.6360261194024802