{
  "experiment_num": 165,
  "backbone": "mlp",
  "description": "ext mlp 40/200: MLP capacity sweep \u2014 hidden=(512, 256) lr=0.003. The base 25",
  "params": {
    "iterations": 600,
    "epochs": 60,
    "lr": 0.003,
    "hidden": [
      512,
      256
    ],
    "weight_decay": 0.0005
  },
  "metric": "rmse",
  "train_score": -0.14021457941498253,
  "val_score": -0.3798180453831125,
  "composite": -0.391798218681519,
  "train_metrics": {
    "rmse": 0.14021457941498253,
    "mae": 0.08902207762002945,
    "r2": 0.9991003274917603
  },
  "val_metrics": {
    "rmse": 0.3798180453831125,
    "mae": 0.2957899570465088,
    "r2": 0.9946232438087463
  },
  "elapsed_sec": 4.660140752792358,
  "timestamp": "2026-05-15 18:26:04",
  "task_slug": "bike-sharing-demand",
  "uses_test_set": false
}