{
  "experiment_num": 87,
  "backbone": "mlp",
  "description": "mlp iter 12/25: Wide + deep \u2014 capacity max.",
  "params": {
    "iterations": 400,
    "epochs": 30,
    "lr": 0.001,
    "hidden": [
      256,
      256,
      128
    ]
  },
  "metric": "roc_auc",
  "train_score": 0.9995340996168582,
  "val_score": 0.9961290322580645,
  "composite": 0.9959587788901247,
  "train_metrics": {
    "accuracy": 0.9971428571428571,
    "f1": 0.9972489683631361,
    "precision": 0.9945130315500685,
    "recall": 1.0,
    "mcc": 0.9942935285883816,
    "roc_auc": 0.9995340996168582,
    "confusion": [
      [
        671,
        4
      ],
      [
        0,
        725
      ]
    ]
  },
  "val_metrics": {
    "accuracy": 0.96,
    "f1": 0.9583333333333334,
    "precision": 0.965034965034965,
    "recall": 0.9517241379310345,
    "mcc": 0.9199573943245722,
    "roc_auc": 0.9961290322580645,
    "confusion": [
      [
        150,
        5
      ],
      [
        7,
        138
      ]
    ]
  },
  "elapsed_sec": 3.146693229675293,
  "timestamp": "2026-05-15 05:10:36",
  "task_slug": "microsoft-malware-prediction",
  "uses_test_set": false
}