{
  "experiment_num": 90,
  "backbone": "mlp",
  "description": "mlp iter 15/25: Seed variance run #5.",
  "params": {
    "iterations": 400,
    "epochs": 30,
    "lr": 0.001,
    "seed": 12345
  },
  "metric": "roc_auc",
  "train_score": 0.9993142353315754,
  "val_score": 0.9969284188034188,
  "composite": 0.9968091279770109,
  "train_metrics": {
    "accuracy": 0.9914285714285714,
    "f1": 0.9913169319826338,
    "precision": 0.9956395348837209,
    "recall": 0.9870317002881844,
    "mcc": 0.9828907410037327,
    "roc_auc": 0.9993142353315754,
    "confusion": [
      [
        703,
        3
      ],
      [
        9,
        685
      ]
    ]
  },
  "val_metrics": {
    "accuracy": 0.9533333333333334,
    "f1": 0.9545454545454546,
    "precision": 0.9671052631578947,
    "recall": 0.9423076923076923,
    "mcc": 0.9069397314977891,
    "roc_auc": 0.9969284188034188,
    "confusion": [
      [
        139,
        5
      ],
      [
        9,
        147
      ]
    ]
  },
  "elapsed_sec": 0.8421206474304199,
  "timestamp": "2026-05-15 03:31:57",
  "task_slug": "cat-in-the-dat",
  "uses_test_set": false
}