{
  "experiment_num": 82,
  "backbone": "mlp",
  "description": "mlp iter 7/25: Seed variance run #2.",
  "params": {
    "iterations": 400,
    "epochs": 30,
    "lr": 0.001,
    "seed": 0
  },
  "metric": "roc_auc",
  "train_score": 0.9991264664342687,
  "val_score": 0.9958600427350428,
  "composite": 0.9956967215500815,
  "train_metrics": {
    "accuracy": 0.9892857142857143,
    "f1": 0.989185291997116,
    "precision": 0.98989898989899,
    "recall": 0.9884726224783862,
    "mcc": 0.9785705903924158,
    "roc_auc": 0.9991264664342687,
    "confusion": [
      [
        699,
        7
      ],
      [
        8,
        686
      ]
    ]
  },
  "val_metrics": {
    "accuracy": 0.9566666666666667,
    "f1": 0.9579288025889967,
    "precision": 0.9673202614379085,
    "recall": 0.9487179487179487,
    "mcc": 0.9134469448632466,
    "roc_auc": 0.9958600427350428,
    "confusion": [
      [
        139,
        5
      ],
      [
        8,
        148
      ]
    ]
  },
  "elapsed_sec": 0.9944067001342773,
  "timestamp": "2026-05-15 03:31:37",
  "task_slug": "cat-in-the-dat",
  "uses_test_set": false
}