{
  "experiment_num": 92,
  "backbone": "mlp",
  "description": "mlp iter 17/25: Very wide.",
  "params": {
    "iterations": 400,
    "epochs": 30,
    "lr": 0.001,
    "hidden": [
      512,
      256
    ]
  },
  "metric": "roc_auc",
  "train_score": 0.9998938409369762,
  "val_score": 0.9927397443321011,
  "composite": 0.9923820395018573,
  "train_metrics": {
    "accuracy": 0.9942857142857143,
    "f1": 0.9941690962099126,
    "precision": 0.9956204379562044,
    "recall": 0.992721979621543,
    "mcc": 0.988570916860809,
    "roc_auc": 0.9998938409369762,
    "confusion": [
      [
        710,
        3
      ],
      [
        5,
        682
      ]
    ]
  },
  "val_metrics": {
    "accuracy": 0.94,
    "f1": 0.9391891891891891,
    "precision": 0.9084967320261438,
    "recall": 0.972027972027972,
    "mcc": 0.882070573216484,
    "roc_auc": 0.9927397443321011,
    "confusion": [
      [
        143,
        14
      ],
      [
        4,
        139
      ]
    ]
  },
  "elapsed_sec": 2.6702311038970947,
  "timestamp": "2026-05-15 08:57:59",
  "task_slug": "tabular-playground-series-jan-2021",
  "uses_test_set": false
}