{
  "experiment_num": 79,
  "backbone": "mlp",
  "description": "mlp iter 4/25: Higher LR \u2014 test if baseline is under-optimised in compute budget.",
  "params": {
    "iterations": 400,
    "epochs": 30,
    "lr": 0.003
  },
  "metric": "roc_auc",
  "train_score": 0.9999938574938575,
  "val_score": 0.9969668584682635,
  "composite": 0.9968155085169838,
  "train_metrics": {
    "accuracy": 0.9992857142857143,
    "f1": 0.9993247805536799,
    "precision": 0.9986504723346828,
    "recall": 1.0,
    "mcc": 0.9985676569759399,
    "roc_auc": 0.9999938574938575,
    "confusion": [
      [
        659,
        1
      ],
      [
        0,
        740
      ]
    ]
  },
  "val_metrics": {
    "accuracy": 0.9733333333333334,
    "f1": 0.975,
    "precision": 0.968944099378882,
    "recall": 0.9811320754716981,
    "mcc": 0.9465158467526821,
    "roc_auc": 0.9969668584682635,
    "confusion": [
      [
        136,
        5
      ],
      [
        3,
        156
      ]
    ]
  },
  "elapsed_sec": 0.6326906681060791,
  "timestamp": "2026-05-15 05:41:51",
  "task_slug": "playground-series-s3e13",
  "uses_test_set": false
}