{
  "experiment_num": 93,
  "backbone": "mlp",
  "description": "mlp iter 18/25: Mid-high LR.",
  "params": {
    "iterations": 400,
    "epochs": 30,
    "lr": 0.002
  },
  "metric": "roc_auc",
  "train_score": 1.0,
  "val_score": 0.9967884383781614,
  "composite": 0.9966278602970695,
  "train_metrics": {
    "accuracy": 1.0,
    "f1": 1.0,
    "precision": 1.0,
    "recall": 1.0,
    "mcc": 1.0,
    "roc_auc": 1.0,
    "confusion": [
      [
        660,
        0
      ],
      [
        0,
        740
      ]
    ]
  },
  "val_metrics": {
    "accuracy": 0.97,
    "f1": 0.9716088328075709,
    "precision": 0.9746835443037974,
    "recall": 0.9685534591194969,
    "mcc": 0.939828403247114,
    "roc_auc": 0.9967884383781614,
    "confusion": [
      [
        137,
        4
      ],
      [
        5,
        154
      ]
    ]
  },
  "elapsed_sec": 0.880662202835083,
  "timestamp": "2026-05-15 05:42:24",
  "task_slug": "playground-series-s3e13",
  "uses_test_set": false
}