{
  "experiment_num": 87,
  "backbone": "mlp",
  "description": "mlp iter 12/25: Wide + deep \u2014 capacity max.",
  "params": {
    "iterations": 400,
    "epochs": 30,
    "lr": 0.001,
    "hidden": [
      256,
      256,
      128
    ]
  },
  "metric": "roc_auc",
  "train_score": 0.9999734298578906,
  "val_score": 0.9966571581387057,
  "composite": 0.9964913445527465,
  "train_metrics": {
    "accuracy": 0.9964285714285714,
    "f1": 0.9962714392244594,
    "precision": 1.0,
    "recall": 0.9925705794947994,
    "mcc": 0.9928699440559804,
    "roc_auc": 0.9999734298578906,
    "confusion": [
      [
        727,
        0
      ],
      [
        5,
        668
      ]
    ]
  },
  "val_metrics": {
    "accuracy": 0.9533333333333334,
    "f1": 0.9536423841059603,
    "precision": 1.0,
    "recall": 0.9113924050632911,
    "mcc": 0.910824230555966,
    "roc_auc": 0.9966571581387057,
    "confusion": [
      [
        142,
        0
      ],
      [
        14,
        144
      ]
    ]
  },
  "elapsed_sec": 3.1160387992858887,
  "timestamp": "2026-05-15 07:59:16",
  "task_slug": "santander-customer-satisfaction",
  "uses_test_set": false
}