{
  "experiment_num": 83,
  "backbone": "mlp",
  "description": "mlp iter 8/25: Seed variance run #3.",
  "params": {
    "iterations": 400,
    "epochs": 30,
    "lr": 0.001,
    "seed": 99
  },
  "metric": "roc_auc",
  "train_score": 0.9998753247177945,
  "val_score": 0.9948743091460154,
  "composite": 0.9946242583674264,
  "train_metrics": {
    "accuracy": 0.9978571428571429,
    "f1": 0.9977695167286246,
    "precision": 0.9985119047619048,
    "recall": 0.9970282317979198,
    "mcc": 0.9957086824241104,
    "roc_auc": 0.9998753247177945,
    "confusion": [
      [
        726,
        1
      ],
      [
        2,
        671
      ]
    ]
  },
  "val_metrics": {
    "accuracy": 0.9633333333333334,
    "f1": 0.9646302250803859,
    "precision": 0.9803921568627451,
    "recall": 0.9493670886075949,
    "mcc": 0.9271046633797445,
    "roc_auc": 0.9948743091460154,
    "confusion": [
      [
        139,
        3
      ],
      [
        8,
        150
      ]
    ]
  },
  "elapsed_sec": 0.9350731372833252,
  "timestamp": "2026-05-15 07:59:06",
  "task_slug": "santander-customer-satisfaction",
  "uses_test_set": false
}