{
  "experiment_num": 83,
  "backbone": "mlp",
  "description": "mlp iter 8/25: Seed variance run #3.",
  "params": {
    "iterations": 400,
    "epochs": 30,
    "lr": 0.001,
    "seed": 99
  },
  "metric": "roc_auc",
  "train_score": 0.9999367345647645,
  "val_score": 0.9929283045721402,
  "composite": 0.9925778830725089,
  "train_metrics": {
    "accuracy": 0.9964285714285714,
    "f1": 0.9964311206281228,
    "precision": 0.9971428571428571,
    "recall": 0.9957203994293866,
    "mcc": 0.9928581559782271,
    "roc_auc": 0.9999367345647645,
    "confusion": [
      [
        697,
        2
      ],
      [
        3,
        698
      ]
    ]
  },
  "val_metrics": {
    "accuracy": 0.9566666666666667,
    "f1": 0.9576547231270358,
    "precision": 0.9607843137254902,
    "recall": 0.9545454545454546,
    "mcc": 0.9133074040582889,
    "roc_auc": 0.9929283045721402,
    "confusion": [
      [
        140,
        6
      ],
      [
        7,
        147
      ]
    ]
  },
  "elapsed_sec": 0.9668798446655273,
  "timestamp": "2026-05-15 09:44:49",
  "task_slug": "titanic",
  "uses_test_set": false
}