{
  "experiment_num": 2,
  "backbone": "excel_agent",
  "description": "excel_agent iter 2/25: Constant predictor: emit ``B`` for every Modeloff question. The diagnosis report",
  "params": {
    "classifier": "const",
    "const": "B",
    "seed": 42
  },
  "metric": "exact_match_accuracy",
  "train_score": 0.4444444444444444,
  "val_score": 0.24533333333333338,
  "composite": 0.24533333333333338,
  "train_metrics": {
    "accuracy": 0.4444444444444444,
    "f1": 0.12307692307692308,
    "precision": 0.08888888888888888,
    "recall": 0.2,
    "mcc": 0.0,
    "confusion": [
      [
        0,
        1,
        0,
        0,
        0
      ],
      [
        0,
        4,
        0,
        0,
        0
      ],
      [
        0,
        1,
        0,
        0,
        0
      ],
      [
        0,
        1,
        0,
        0,
        0
      ],
      [
        0,
        2,
        0,
        0,
        0
      ]
    ]
  },
  "val_metrics": {
    "accuracy": 0.0,
    "f1": 0.0,
    "precision": 0.0,
    "recall": 0.0,
    "mcc": 0.0,
    "confusion": [
      [
        0,
        0,
        0,
        0
      ],
      [
        1,
        0,
        0,
        0
      ],
      [
        1,
        0,
        0,
        0
      ],
      [
        1,
        0,
        0,
        0
      ]
    ]
  },
  "elapsed_sec": 0.0030837059020996094,
  "timestamp": "2026-05-16 05:38:15",
  "task_slug": "2015-round-1-bread-and-butter",
  "uses_test_set": false
}