{
  "experiment_num": 10,
  "backbone": "excel_agent",
  "description": "excel_agent iter 10/25: Baseline: predict the per-task training mode for every question. This is the str",
  "params": {
    "classifier": "prior_only",
    "seed": 42
  },
  "metric": "exact_match_accuracy",
  "train_score": 0.25,
  "val_score": 0.18933333333333335,
  "composite": 0.18933333333333335,
  "train_metrics": {
    "accuracy": 0.25,
    "f1": 0.05714285714285715,
    "precision": 0.03571428571428571,
    "recall": 0.14285714285714285,
    "mcc": 0.0,
    "confusion": [
      [
        0,
        0,
        1,
        0,
        0,
        0,
        0
      ],
      [
        0,
        0,
        1,
        0,
        0,
        0,
        0
      ],
      [
        0,
        0,
        2,
        0,
        0,
        0,
        0
      ],
      [
        0,
        0,
        1,
        0,
        0,
        0,
        0
      ],
      [
        0,
        0,
        1,
        0,
        0,
        0,
        0
      ],
      [
        0,
        0,
        1,
        0,
        0,
        0,
        0
      ],
      [
        0,
        0,
        1,
        0,
        0,
        0,
        0
      ]
    ]
  },
  "val_metrics": {
    "accuracy": 0.0,
    "f1": 0.0,
    "precision": 0.0,
    "recall": 0.0,
    "mcc": 0.0,
    "confusion": [
      [
        0,
        1,
        0
      ],
      [
        0,
        0,
        0
      ],
      [
        0,
        1,
        0
      ]
    ]
  },
  "elapsed_sec": 0.0029327869415283203,
  "timestamp": "2026-05-16 17:33:05",
  "task_slug": "2017-round-2-section-1-collect-the-cash",
  "uses_test_set": false
}