{
  "experiment_num": 82,
  "backbone": "mlp",
  "description": "mlp iter 7/25: Seed variance run #2.",
  "params": {
    "iterations": 400,
    "epochs": 30,
    "lr": 0.001,
    "seed": 0
  },
  "metric": "roc_auc",
  "train_score": 0.9995589811648206,
  "val_score": 0.9959553757944798,
  "composite": 0.9957751955259627,
  "train_metrics": {
    "accuracy": 0.9914285714285714,
    "f1": 0.9916201117318436,
    "precision": 0.9902370990237099,
    "recall": 0.993006993006993,
    "mcc": 0.9828522327578325,
    "roc_auc": 0.9995589811648206,
    "confusion": [
      [
        678,
        7
      ],
      [
        5,
        710
      ]
    ]
  },
  "val_metrics": {
    "accuracy": 0.9533333333333334,
    "f1": 0.952054794520548,
    "precision": 0.972027972027972,
    "recall": 0.9328859060402684,
    "mcc": 0.9073642548246882,
    "roc_auc": 0.9959553757944798,
    "confusion": [
      [
        147,
        4
      ],
      [
        10,
        139
      ]
    ]
  },
  "elapsed_sec": 0.8423967361450195,
  "timestamp": "2026-05-15 05:20:56",
  "task_slug": "playground-series-s3e1",
  "uses_test_set": false
}