{
  "task": "playground-series-s3e1",
  "name": "playground-series-s3e1",
  "problem_type": "classification_binary",
  "metric": "roc_auc",
  "champion_backbone": "mlp",
  "champion_composite": 0.9957751955259627,
  "champion_val": 0.9959553757944798,
  "champion_train": 0.9995589811648206,
  "test_score": 0.9934655049786628,
  "test_metrics": {
    "accuracy": 0.9533333333333334,
    "f1": 0.9539473684210527,
    "precision": 0.9539473684210527,
    "recall": 0.9539473684210527,
    "mcc": 0.9066500711237553,
    "roc_auc": 0.9934655049786628,
    "confusion": [
      [
        141,
        7
      ],
      [
        7,
        145
      ]
    ]
  },
  "dsbench_baseline": 0.5,
  "delta_vs_dsbench": 0.4934655049786628,
  "beats_dsbench": true,
  "timestamp": "2026-05-16 05:40:10"
}