{
  "experiment_num": 80,
  "backbone": "mlp",
  "description": "mlp iter 5/25: Larger hidden \u2014 increases representational capacity.",
  "params": {
    "iterations": 400,
    "epochs": 30,
    "hidden": [
      256,
      128
    ]
  },
  "metric": "roc_auc",
  "train_score": 0.9985197284467358,
  "val_score": 0.9958664829547981,
  "composite": 0.9957338206802012,
  "train_metrics": {
    "accuracy": 0.9835714285714285,
    "f1": 0.9838822704975473,
    "precision": 0.9859550561797753,
    "recall": 0.9818181818181818,
    "mcc": 0.9671396712013709,
    "roc_auc": 0.9985197284467358,
    "confusion": [
      [
        675,
        10
      ],
      [
        13,
        702
      ]
    ]
  },
  "val_metrics": {
    "accuracy": 0.96,
    "f1": 0.958904109589041,
    "precision": 0.9790209790209791,
    "recall": 0.9395973154362416,
    "mcc": 0.9207124270625838,
    "roc_auc": 0.9958664829547981,
    "confusion": [
      [
        148,
        3
      ],
      [
        9,
        140
      ]
    ]
  },
  "elapsed_sec": 2.0980350971221924,
  "timestamp": "2026-05-15 05:20:53",
  "task_slug": "playground-series-s3e1",
  "uses_test_set": false
}