sample_id,actual,prediction,correct,confidence
0,78,78,1,0.024454554566806327
1,14,78,0,0.024391805993115502