sample_id,actual,prediction,correct,confidence
0,78,49,0,0.45035609842181545
1,14,17,0,0.4312754793379871