sample_id,actual,prediction,correct,confidence
0,78,78,1,0.7425999032374748
1,14,78,0,0.5254036277715545