sample_id,actual,prediction,correct,confidence
0,78,91,0,0.2749236606496274
1,14,17,0,0.5386997164923247