sample_id,actual,prediction,correct,confidence
0,78,78,1,0.11483841576727596
1,14,78,0,0.11568718649059047