sample_id,actual,prediction,correct,confidence
0,78,91,0,0.38159839336675855
1,9,12,0,0.4670714670841156