sample_id,actual,prediction,correct,confidence
0,78,91,0,0.37799428708509664
1,14,17,0,0.37619662850765223