sample_id,actual,prediction,correct,confidence
0,78,91,0,0.5072111441882516
1,9,12,0,0.5454544717167212