sample_id,actual,prediction,correct,confidence
0,78,91,0,0.34882560971289783
1,9,12,0,0.44149319341904136