sample_id,actual,prediction,correct,confidence
0,78,78,1,0.6074769733530967
1,14,78,0,0.592545028129527