sample_id,actual,prediction,correct,confidence
0,78,91,0,0.2186310898148202
1,14,17,0,0.2304912502848851