sample_id,actual,prediction,correct,confidence
0,78,91,0,0.3660387050574071
1,9,12,0,0.7177401139027744