sample_id,actual,prediction,correct,confidence
0,78,49,0,0.3098534301853914
1,14,17,0,0.3596593212350953