sample_id,actual,prediction,correct,confidence
0,78,91,0,0.3779942882190794
1,9,12,0,0.376196629636242