sample_id,actual,prediction,correct,confidence
0,78,78,1,0.3542082428345594
1,9,12,0,0.27295631482154425