sample_id,actual,prediction,correct,confidence
0,78,78,1,0.42489853255082616
1,14,78,0,0.3950346421036869