sample_id,actual,prediction,correct,confidence
0,78,91,0,0.3660387039592911
1,14,17,0,0.7177401117495543