sample_id,actual,prediction,correct,confidence
0,78,91,0,0.20357608161174018
1,14,17,0,0.3892578593344407