sample_id,actual,prediction,correct,confidence
0,78,91,0,0.7511917372163956
1,14,17,0,0.9799468918566911