sample_id,actual,prediction,correct,confidence
0,78,91,0,0.5072111426666185
1,14,17,0,0.5454544700803579