sample_id,actual,prediction,correct,confidence
0,78,91,0,0.38159839222196346
1,14,17,0,0.46707146568290153