sample_id,actual,prediction,correct,confidence
0,78,91,0,0.3488256086664212
1,14,17,0,0.44149319209456206