{
  "experiment_num": 80,
  "backbone": "mlp",
  "description": "mlp iter 5/25: Larger hidden \u2014 increases representational capacity.",
  "params": {
    "iterations": 400,
    "epochs": 30,
    "hidden": [
      256,
      128
    ]
  },
  "metric": "roc_auc",
  "train_score": 0.9976815569487982,
  "val_score": 0.9956871637543906,
  "composite": 0.9955874440946703,
  "train_metrics": {
    "accuracy": 0.9742857142857143,
    "f1": 0.9744318181818182,
    "precision": 0.9634831460674157,
    "recall": 0.985632183908046,
    "mcc": 0.9488243059404513,
    "roc_auc": 0.9976815569487982,
    "confusion": [
      [
        678,
        26
      ],
      [
        10,
        686
      ]
    ]
  },
  "val_metrics": {
    "accuracy": 0.97,
    "f1": 0.9698996655518395,
    "precision": 0.9539473684210527,
    "recall": 0.9863945578231292,
    "mcc": 0.9405383835627216,
    "roc_auc": 0.9956871637543906,
    "confusion": [
      [
        146,
        7
      ],
      [
        2,
        145
      ]
    ]
  },
  "elapsed_sec": 2.081235408782959,
  "timestamp": "2026-05-15 08:31:14",
  "task_slug": "tabular-playground-series-aug-2021",
  "uses_test_set": false
}