{
  "experiment_num": 164,
  "backbone": "mlp",
  "description": "ext mlp 39/200: MLP capacity sweep \u2014 hidden=(512, 256) lr=0.001. The base 25",
  "params": {
    "iterations": 600,
    "epochs": 60,
    "lr": 0.001,
    "hidden": [
      512,
      256
    ],
    "weight_decay": 0.0005
  },
  "metric": "rmse",
  "train_score": -0.1259957675932573,
  "val_score": -0.30073519762891593,
  "composite": -0.30947216913069886,
  "train_metrics": {
    "rmse": 0.1259957675932573,
    "mae": 0.08092031627893448,
    "r2": 0.9991394877433777
  },
  "val_metrics": {
    "rmse": 0.30073519762891593,
    "mae": 0.2394881248474121,
    "r2": 0.9948102235794067
  },
  "elapsed_sec": 6.110946893692017,
  "timestamp": "2026-05-15 20:09:58",
  "task_slug": "ventilator-pressure-prediction",
  "uses_test_set": false
}