sample_id,actual,prediction,correct,confidence
0,55,85,0,0.12172135057002349
1,89,85,0,0.1612102028835304