sample_id,actual,prediction,correct,confidence
0,55,85,0,0.29846519750758754
1,89,85,0,0.6474074479000403