sample_id,actual,prediction,correct,confidence
0,55,85,0,0.39678324083714356
1,89,85,0,0.6759370411511058