sample_id,actual,prediction,correct,confidence
0,55,93,0,0.3324317991590441
1,89,85,0,0.5481309805448107