sample_id,actual,prediction,correct,confidence
0,55,85,0,0.7862718711377701
1,89,85,0,0.9519316168551735