sample_id,actual,prediction,correct,confidence
0,55,85,0,0.6261920086061075
1,89,85,0,0.7425060920702584