sample_id,actual,prediction,correct,confidence
0,55,93,0,0.5072189687576908
1,89,85,0,0.7608284531365361