sample_id,actual,prediction,correct,confidence
0,55,49,0,0.44811759130457907
1,89,49,0,0.3736824740067803