sample_id,actual,prediction,correct,confidence
0,55,85,0,0.02498981028488223
1,89,85,0,0.027608856639019776