sample_id,actual,prediction,correct,confidence
0,55,93,0,0.21863348087994997
1,89,85,0,0.43152808933026904