sample_id,actual,prediction,correct,confidence
0,55,85,0,0.9999998566873741
1,89,85,0,0.9999998740896494