sample_id,actual,prediction,correct,confidence
0,55,85,0,0.46232860305684753
1,89,85,0,0.6949567699851493