sample_id,actual,prediction,correct,confidence
0,55,85,0,0.40032305648013755
1,89,85,0,0.5559278888660633