sample_id,actual,prediction,correct,confidence
0,55,49,0,0.3079880075876944
1,89,85,0,0.4978375491264667