sample_id,actual,prediction,correct,confidence
0,55,93,0,0.35628837193715274
1,89,85,0,0.5998581258149313