sample_id,actual,prediction,correct,confidence
0,55,85,0,0.2316838244183805
1,89,85,0,0.4539764414456823