sample_id,actual,prediction,correct,confidence
0,55,93,0,0.7402980232370278
1,89,85,0,0.7946614819943646