sample_id,actual,prediction,correct,confidence
0,55,93,0,0.507218967236034
1,89,85,0,0.7608284508540513