sample_id,actual,prediction,correct,confidence
0,55,93,0,0.38160571137393157
1,89,85,0,0.6071902712548508