sample_id,actual,prediction,correct,confidence
0,55,93,0,0.33243179816174884
1,89,85,0,0.548130978900418