{
  "experiment_num": 1,
  "backbone": "excel_agent",
  "description": "excel_agent iter 1/25: Baseline: predict the per-task training mode for every Modeloff question. This i",
  "params": {
    "classifier": "prior_only",
    "seed": 42
  },
  "metric": "exact_match_accuracy",
  "train_score": 0.4166666666666667,
  "val_score": 0.375,
  "composite": 0.375,
  "train_metrics": {
    "accuracy": 0.4166666666666667,
    "f1": 0.19607843137254902,
    "precision": 0.1388888888888889,
    "recall": 0.3333333333333333,
    "mcc": 0.0,
    "confusion": [
      [
        0,
        5,
        0
      ],
      [
        0,
        5,
        0
      ],
      [
        0,
        2,
        0
      ]
    ]
  },
  "val_metrics": {
    "accuracy": 0.25,
    "f1": 0.13333333333333333,
    "precision": 0.08333333333333333,
    "recall": 0.3333333333333333,
    "mcc": 0.0,
    "confusion": [
      [
        1,
        0,
        0
      ],
      [
        1,
        0,
        0
      ],
      [
        2,
        0,
        0
      ]
    ]
  },
  "elapsed_sec": 0.006785392761230469,
  "timestamp": "2026-05-15 23:41:56",
  "task_slug": "2012-round-2-find-that-error",
  "uses_test_set": false
}