{
  "experiment_num": 21,
  "backbone": "excel_agent",
  "description": "excel_agent iter 21/25: Strongly-regularised LogReg (C=0.1) blended at prior_weight=0.3 toward the per-t",
  "params": {
    "classifier": "logreg",
    "C": 0.1,
    "max_iter": 500,
    "prior_weight": 0.3,
    "seed": 42
  },
  "metric": "exact_match_accuracy",
  "train_score": 0.2222222222222222,
  "val_score": 0.23021814876033053,
  "composite": 0.23021814876033053,
  "train_metrics": {
    "accuracy": 0.2222222222222222,
    "f1": 0.05194805194805195,
    "precision": 0.031746031746031744,
    "recall": 0.14285714285714285,
    "mcc": 0.0,
    "confusion": [
      [
        0,
        0,
        0,
        1,
        0,
        0,
        0
      ],
      [
        0,
        0,
        0,
        1,
        0,
        0,
        0
      ],
      [
        0,
        0,
        0,
        1,
        0,
        0,
        0
      ],
      [
        0,
        0,
        0,
        2,
        0,
        0,
        0
      ],
      [
        0,
        0,
        0,
        1,
        0,
        0,
        0
      ],
      [
        0,
        0,
        0,
        1,
        0,
        0,
        0
      ],
      [
        0,
        0,
        0,
        2,
        0,
        0,
        0
      ]
    ]
  },
  "val_metrics": {
    "accuracy": 0.5,
    "f1": 0.3333333333333333,
    "precision": 0.25,
    "recall": 0.5,
    "mcc": 0.0,
    "confusion": [
      [
        0,
        1
      ],
      [
        0,
        1
      ]
    ]
  },
  "elapsed_sec": 1.5786192417144775,
  "timestamp": "2026-05-16 17:32:10",
  "task_slug": "2016-round-1-section-2-chip-off-the-old-block",
  "uses_test_set": false
}