{
  "experiment_num": 92,
  "backbone": "mlp",
  "description": "mlp iter 17/25: Very wide.",
  "params": {
    "iterations": 400,
    "epochs": 30,
    "lr": 0.001,
    "hidden": [
      512,
      256
    ]
  },
  "metric": "roc_auc",
  "train_score": 0.9995510204081632,
  "val_score": 0.9942948832233909,
  "composite": 0.9940320763641523,
  "train_metrics": {
    "accuracy": 0.9878571428571429,
    "f1": 0.9877785765636233,
    "precision": 0.9942112879884226,
    "recall": 0.9814285714285714,
    "mcc": 0.975794941486688,
    "roc_auc": 0.9995510204081632,
    "confusion": [
      [
        696,
        4
      ],
      [
        13,
        687
      ]
    ]
  },
  "val_metrics": {
    "accuracy": 0.9533333333333334,
    "f1": 0.950354609929078,
    "precision": 0.9571428571428572,
    "recall": 0.9436619718309859,
    "mcc": 0.9064147805361226,
    "roc_auc": 0.9942948832233909,
    "confusion": [
      [
        152,
        6
      ],
      [
        8,
        134
      ]
    ]
  },
  "elapsed_sec": 2.471283197402954,
  "timestamp": "2026-05-15 05:37:07",
  "task_slug": "playground-series-s3e12",
  "uses_test_set": false
}