sample_id,actual,prediction,correct,confidence
0,91,93,0,0.11449379572122176
1,55,93,0,0.11053299596073458