sample_id,actual,prediction,correct,confidence
0,91,85,0,0.39293920024373946
1,55,60,0,0.3562783523321579