sample_id,actual,prediction,correct,confidence
0,91,93,0,0.6096064286171664
1,55,93,0,0.5925528031373241