sample_id,actual,prediction,correct,confidence
0,91,93,0,0.02443814174035704
1,55,93,0,0.024089091425636755