sample_id,actual,prediction,correct,confidence
0,91,93,0,0.7633705540679897
1,55,93,0,0.68371282176091