sample_id,actual,prediction,correct,confidence
0,91,85,0,0.3324317994914757
1,55,60,0,0.36542065406196084