sample_id,actual,prediction,correct,confidence
0,91,93,0,0.3569778488636849
1,55,93,0,0.31604914771206327