sample_id,actual,prediction,correct,confidence
0,91,93,0,0.3552981220835993
1,55,93,0,0.2531123926368461