sample_id,actual,prediction,correct,confidence
0,91,93,0,0.4291574430789653
1,55,93,0,0.3950501921192806