sample_id,actual,prediction,correct,confidence
0,91,93,0,0.2320382222202827
1,55,93,0,0.197930971260598