sample_id,actual,prediction,correct,confidence
0,91,85,0,0.3432340626075113
1,55,60,0,0.3690429779747315