sample_id,actual,prediction,correct,confidence
0,91,85,0,0.34323406157780934
1,55,60,0,0.36904297686760273