sample_id,actual,prediction,correct,confidence
0,91,85,0,0.19600699367665228
1,55,38,0,0.29251776387864215