sample_id,actual,prediction,correct,confidence
0,91,85,0,0.7394346813869066
1,55,60,0,0.7161565453954913