sample_id,actual,prediction,correct,confidence
0,91,85,0,0.9999998730000156
1,55,60,0,0.9999998730000165