sample_id,actual,prediction,correct,confidence
0,91,85,0,0.5072189677432529
1,55,60,0,0.5072189677432528