sample_id,actual,prediction,correct,confidence
0,91,85,0,0.38160571175553726
1,55,60,0,0.40479351457469387