sample_id,actual,prediction,correct,confidence
0,91,85,0,0.33243179849418053
1,55,60,0,0.365420652965699