{
  "task": "playground-series-s4e6",
  "name": "playground-series-s4e6",
  "problem_type": "classification_binary",
  "metric": "roc_auc",
  "champion_backbone": "mlp",
  "champion_composite": 0.9979022119837937,
  "champion_val": 0.9979927739863509,
  "champion_train": 0.9998040140374945,
  "test_score": 0.9959539371304078,
  "test_metrics": {
    "accuracy": 0.9466666666666667,
    "f1": 0.9473684210526315,
    "precision": 0.9536423841059603,
    "recall": 0.9411764705882353,
    "mcc": 0.8933985471315147,
    "roc_auc": 0.9959539371304078,
    "confusion": [
      [
        140,
        7
      ],
      [
        9,
        144
      ]
    ]
  },
  "dsbench_baseline": 0.5,
  "delta_vs_dsbench": 0.4959539371304078,
  "beats_dsbench": true,
  "timestamp": "2026-05-16 00:11:40"
}