{
  "experiment_num": 82,
  "backbone": "mlp",
  "description": "mlp iter 7/25: Seed variance run #2.",
  "params": {
    "iterations": 400,
    "epochs": 30,
    "lr": 0.001,
    "seed": 0
  },
  "metric": "roc_auc",
  "train_score": 0.9992017655068789,
  "val_score": 0.9963869931754316,
  "composite": 0.9962462545588592,
  "train_metrics": {
    "accuracy": 0.9921428571428571,
    "f1": 0.9923023093072079,
    "precision": 0.9902234636871509,
    "recall": 0.9943899018232819,
    "mcc": 0.9842880880001109,
    "roc_auc": 0.9992017655068789,
    "confusion": [
      [
        680,
        7
      ],
      [
        4,
        709
      ]
    ]
  },
  "val_metrics": {
    "accuracy": 0.9633333333333334,
    "f1": 0.9657320872274143,
    "precision": 0.9567901234567902,
    "recall": 0.9748427672955975,
    "mcc": 0.9265000795978493,
    "roc_auc": 0.9963869931754316,
    "confusion": [
      [
        134,
        7
      ],
      [
        4,
        155
      ]
    ]
  },
  "elapsed_sec": 0.8009376525878906,
  "timestamp": "2026-05-15 07:48:36",
  "task_slug": "playground-series-s4e6",
  "uses_test_set": false
}