{
  "experiment_num": 87,
  "backbone": "mlp",
  "description": "mlp iter 12/25: Wide + deep \u2014 capacity max.",
  "params": {
    "iterations": 400,
    "epochs": 30,
    "lr": 0.001,
    "hidden": [
      256,
      256,
      128
    ]
  },
  "metric": "roc_auc",
  "train_score": 0.9995894934839749,
  "val_score": 0.9967503561253561,
  "composite": 0.9966083992574252,
  "train_metrics": {
    "accuracy": 0.9914285714285714,
    "f1": 0.9915966386554622,
    "precision": 0.998589562764457,
    "recall": 0.9847009735744089,
    "mcc": 0.9829515346062239,
    "roc_auc": 0.9995894934839749,
    "confusion": [
      [
        680,
        1
      ],
      [
        11,
        708
      ]
    ]
  },
  "val_metrics": {
    "accuracy": 0.9633333333333334,
    "f1": 0.9634551495016611,
    "precision": 1.0,
    "recall": 0.9294871794871795,
    "mcc": 0.929259690937357,
    "roc_auc": 0.9967503561253561,
    "confusion": [
      [
        144,
        0
      ],
      [
        11,
        145
      ]
    ]
  },
  "elapsed_sec": 2.5416996479034424,
  "timestamp": "2026-05-15 09:13:38",
  "task_slug": "tabular-playground-series-mar-2021",
  "uses_test_set": false
}