{
  "task": "tabular-playground-series-feb-2022",
  "name": "tabular-playground-series-feb-2022",
  "problem_type": "classification_binary",
  "metric": "roc_auc",
  "champion_backbone": "mlp",
  "champion_composite": 0.9913580840639858,
  "champion_val": 0.9917686318131257,
  "champion_train": 0.999979586795923,
  "test_score": 0.9909542788052483,
  "test_metrics": {
    "accuracy": 0.9533333333333334,
    "f1": 0.9567901234567902,
    "precision": 0.9627329192546584,
    "recall": 0.950920245398773,
    "mcc": 0.9061512714816319,
    "roc_auc": 0.9909542788052483,
    "confusion": [
      [
        131,
        6
      ],
      [
        8,
        155
      ]
    ]
  },
  "dsbench_baseline": 0.5,
  "delta_vs_dsbench": 0.49095427880524833,
  "beats_dsbench": true,
  "timestamp": "2026-05-16 00:11:55"
}