{
  "experiment_num": 82,
  "backbone": "mlp",
  "description": "mlp iter 7/25: Seed variance run #2.",
  "params": {
    "iterations": 400,
    "epochs": 30,
    "lr": 0.001,
    "seed": 0
  },
  "metric": "roc_auc",
  "train_score": 0.9994957938593,
  "val_score": 0.9915016685205784,
  "composite": 0.9911019622536423,
  "train_metrics": {
    "accuracy": 0.9935714285714285,
    "f1": 0.9937018894331701,
    "precision": 0.9888579387186629,
    "recall": 0.9985935302390999,
    "mcc": 0.9871870602110522,
    "roc_auc": 0.9994957938593,
    "confusion": [
      [
        681,
        8
      ],
      [
        1,
        710
      ]
    ]
  },
  "val_metrics": {
    "accuracy": 0.9533333333333334,
    "f1": 0.9517241379310345,
    "precision": 0.9517241379310345,
    "recall": 0.9517241379310345,
    "mcc": 0.9065628476084538,
    "roc_auc": 0.9915016685205784,
    "confusion": [
      [
        148,
        7
      ],
      [
        7,
        138
      ]
    ]
  },
  "elapsed_sec": 0.8813152313232422,
  "timestamp": "2026-05-15 08:52:19",
  "task_slug": "tabular-playground-series-feb-2022",
  "uses_test_set": false
}