{
  "experiment_num": 92,
  "backbone": "mlp",
  "description": "mlp iter 17/25: Very wide.",
  "params": {
    "iterations": 400,
    "epochs": 30,
    "lr": 0.001,
    "hidden": [
      512,
      256
    ]
  },
  "metric": "roc_auc",
  "train_score": 0.999912123664484,
  "val_score": 0.9927439458689458,
  "composite": 0.9923855369791689,
  "train_metrics": {
    "accuracy": 0.9964285714285714,
    "f1": 0.9965541006202618,
    "precision": 0.9972413793103448,
    "recall": 0.9958677685950413,
    "mcc": 0.992848670857232,
    "roc_auc": 0.999912123664484,
    "confusion": [
      [
        672,
        2
      ],
      [
        3,
        723
      ]
    ]
  },
  "val_metrics": {
    "accuracy": 0.9433333333333334,
    "f1": 0.9442622950819672,
    "precision": 0.9664429530201343,
    "recall": 0.9230769230769231,
    "mcc": 0.8876634586666845,
    "roc_auc": 0.9927439458689458,
    "confusion": [
      [
        139,
        5
      ],
      [
        12,
        144
      ]
    ]
  },
  "elapsed_sec": 3.1738250255584717,
  "timestamp": "2026-05-15 09:03:18",
  "task_slug": "tabular-playground-series-jan-2022",
  "uses_test_set": false
}