{
  "experiment_num": 92,
  "backbone": "mlp",
  "description": "mlp iter 17/25: Very wide.",
  "params": {
    "iterations": 400,
    "epochs": 30,
    "lr": 0.001,
    "hidden": [
      512,
      256
    ]
  },
  "metric": "roc_auc",
  "train_score": 0.9997668287275189,
  "val_score": 0.9955657142857144,
  "composite": 0.9953556585636242,
  "train_metrics": {
    "accuracy": 0.9971428571428571,
    "f1": 0.9972714870395635,
    "precision": 0.9972714870395635,
    "recall": 0.9972714870395635,
    "mcc": 0.9942729862899382,
    "roc_auc": 0.9997668287275189,
    "confusion": [
      [
        665,
        2
      ],
      [
        2,
        731
      ]
    ]
  },
  "val_metrics": {
    "accuracy": 0.96,
    "f1": 0.952755905511811,
    "precision": 0.937984496124031,
    "recall": 0.968,
    "mcc": 0.9184311439403529,
    "roc_auc": 0.9955657142857144,
    "confusion": [
      [
        167,
        8
      ],
      [
        4,
        121
      ]
    ]
  },
  "elapsed_sec": 2.7085154056549072,
  "timestamp": "2026-05-15 06:51:03",
  "task_slug": "playground-series-s3e4",
  "uses_test_set": false
}