{
  "experiment_num": 91,
  "backbone": "mlp",
  "description": "mlp iter 16/25: Mid-small hidden.",
  "params": {
    "iterations": 400,
    "epochs": 30,
    "lr": 0.001,
    "hidden": [
      96,
      48
    ]
  },
  "metric": "roc_auc",
  "train_score": 0.9997362173568979,
  "val_score": 0.9969173579944695,
  "composite": 0.9967764150263481,
  "train_metrics": {
    "accuracy": 0.995,
    "f1": 0.9947643979057592,
    "precision": 0.9955089820359282,
    "recall": 0.9940209267563528,
    "mcc": 0.9899807283209151,
    "roc_auc": 0.9997362173568979,
    "confusion": [
      [
        728,
        3
      ],
      [
        4,
        665
      ]
    ]
  },
  "val_metrics": {
    "accuracy": 0.97,
    "f1": 0.9731343283582089,
    "precision": 0.9939024390243902,
    "recall": 0.9532163742690059,
    "mcc": 0.9402573340093844,
    "roc_auc": 0.9969173579944695,
    "confusion": [
      [
        128,
        1
      ],
      [
        8,
        163
      ]
    ]
  },
  "elapsed_sec": 0.658698320388794,
  "timestamp": "2026-05-15 05:58:08",
  "task_slug": "playground-series-s3e17",
  "uses_test_set": false
}