{
  "experiment_num": 89,
  "backbone": "mlp",
  "description": "mlp iter 14/25: Seed variance run #4.",
  "params": {
    "iterations": 400,
    "epochs": 30,
    "lr": 0.001,
    "seed": 2024
  },
  "metric": "roc_auc",
  "train_score": 0.99968509668963,
  "val_score": 0.9959200326397388,
  "composite": 0.9957317794372442,
  "train_metrics": {
    "accuracy": 0.9964285714285714,
    "f1": 0.9962658700522778,
    "precision": 0.9955223880597015,
    "recall": 0.9970104633781763,
    "mcc": 0.9928445771904313,
    "roc_auc": 0.99968509668963,
    "confusion": [
      [
        728,
        3
      ],
      [
        2,
        667
      ]
    ]
  },
  "val_metrics": {
    "accuracy": 0.9733333333333334,
    "f1": 0.9766081871345029,
    "precision": 0.9766081871345029,
    "recall": 0.9766081871345029,
    "mcc": 0.9456004351965184,
    "roc_auc": 0.9959200326397388,
    "confusion": [
      [
        125,
        4
      ],
      [
        4,
        167
      ]
    ]
  },
  "elapsed_sec": 0.9692542552947998,
  "timestamp": "2026-05-15 05:58:05",
  "task_slug": "playground-series-s3e17",
  "uses_test_set": false
}