{
  "task": "2015-round-2-more-money-please",
  "name": "2015-round-2-more-money-please",
  "problem_type": "qa_excel",
  "metric": "exact_match_accuracy",
  "champion_backbone": "excel_agent",
  "champion_composite": 0.29280000000000006,
  "champion_val": 0.29280000000000006,
  "champion_train": 1.0,
  "test_score": 0.5,
  "test_metrics": {
    "accuracy": 0.5,
    "f1": 0.3333333333333333,
    "precision": 0.3333333333333333,
    "recall": 0.3333333333333333,
    "mcc": 0.5,
    "confusion": [
      [
        0,
        0,
        0
      ],
      [
        0,
        1,
        0
      ],
      [
        1,
        0,
        0
      ]
    ]
  },
  "dsbench_baseline": 0.3412,
  "delta_vs_dsbench": 0.1588,
  "beats_dsbench": true,
  "timestamp": "2026-05-16 13:13:21"
}