{
  "experiment_num": 93,
  "backbone": "mlp",
  "description": "mlp iter 18/25: Mid-high LR.",
  "params": {
    "iterations": 400,
    "epochs": 30,
    "lr": 0.002
  },
  "metric": "roc_auc",
  "train_score": 0.9997489790795492,
  "val_score": 0.997073522128675,
  "composite": 0.9969397492811313,
  "train_metrics": {
    "accuracy": 0.9957142857142857,
    "f1": 0.9957203994293866,
    "precision": 0.9957203994293866,
    "recall": 0.9957203994293866,
    "mcc": 0.9914285539358244,
    "roc_auc": 0.9997489790795492,
    "confusion": [
      [
        696,
        3
      ],
      [
        3,
        698
      ]
    ]
  },
  "val_metrics": {
    "accuracy": 0.9666666666666667,
    "f1": 0.9621212121212122,
    "precision": 0.9694656488549618,
    "recall": 0.9548872180451128,
    "mcc": 0.9324476774788902,
    "roc_auc": 0.997073522128675,
    "confusion": [
      [
        163,
        4
      ],
      [
        6,
        127
      ]
    ]
  },
  "elapsed_sec": 0.7723171710968018,
  "timestamp": "2026-05-15 07:43:47",
  "task_slug": "playground-series-s4e5",
  "uses_test_set": false
}