{
  "experiment_num": 92,
  "backbone": "mlp",
  "description": "mlp iter 17/25: Very wide.",
  "params": {
    "iterations": 400,
    "epochs": 30,
    "lr": 0.001,
    "hidden": [
      512,
      256
    ]
  },
  "metric": "roc_auc",
  "train_score": 0.9999162511566533,
  "val_score": 0.995110893817503,
  "composite": 0.9948706259505454,
  "train_metrics": {
    "accuracy": 0.9992857142857143,
    "f1": 0.9993060374739764,
    "precision": 1.0,
    "recall": 0.9986130374479889,
    "mcc": 0.9985712237309398,
    "roc_auc": 0.9999162511566533,
    "confusion": [
      [
        679,
        0
      ],
      [
        1,
        720
      ]
    ]
  },
  "val_metrics": {
    "accuracy": 0.96,
    "f1": 0.96,
    "precision": 0.9536423841059603,
    "recall": 0.9664429530201343,
    "mcc": 0.9200853371260945,
    "roc_auc": 0.995110893817503,
    "confusion": [
      [
        144,
        7
      ],
      [
        5,
        144
      ]
    ]
  },
  "elapsed_sec": 2.866391181945801,
  "timestamp": "2026-05-15 07:27:49",
  "task_slug": "playground-series-s4e2",
  "uses_test_set": false
}