{
  "task": "playground-series-s4e2",
  "name": "playground-series-s4e2",
  "problem_type": "classification_binary",
  "metric": "roc_auc",
  "champion_backbone": "mlp",
  "champion_composite": 0.9948706259505454,
  "champion_val": 0.995110893817503,
  "champion_train": 0.9999162511566533,
  "test_score": 0.9943303571428571,
  "test_metrics": {
    "accuracy": 0.96,
    "f1": 0.9627329192546584,
    "precision": 0.9567901234567902,
    "recall": 0.96875,
    "mcc": 0.9196536752754622,
    "roc_auc": 0.9943303571428571,
    "confusion": [
      [
        133,
        7
      ],
      [
        5,
        155
      ]
    ]
  },
  "dsbench_baseline": 0.5,
  "delta_vs_dsbench": 0.4943303571428571,
  "beats_dsbench": true,
  "timestamp": "2026-05-16 05:40:36"
}