{
  "experiment_num": 92,
  "backbone": "mlp",
  "description": "mlp iter 17/25: Very wide.",
  "params": {
    "iterations": 400,
    "epochs": 30,
    "lr": 0.001,
    "hidden": [
      512,
      256
    ]
  },
  "metric": "roc_auc",
  "train_score": 0.99944489682632,
  "val_score": 0.995548433048433,
  "composite": 0.9953536098595387,
  "train_metrics": {
    "accuracy": 0.9857142857142858,
    "f1": 0.9856938483547926,
    "precision": 0.9856938483547926,
    "recall": 0.9856938483547926,
    "mcc": 0.9714285131194146,
    "roc_auc": 0.99944489682632,
    "confusion": [
      [
        691,
        10
      ],
      [
        10,
        689
      ]
    ]
  },
  "val_metrics": {
    "accuracy": 0.9633333333333334,
    "f1": 0.9644012944983819,
    "precision": 0.9738562091503268,
    "recall": 0.9551282051282052,
    "mcc": 0.9267936272838083,
    "roc_auc": 0.995548433048433,
    "confusion": [
      [
        140,
        4
      ],
      [
        7,
        149
      ]
    ]
  },
  "elapsed_sec": 2.534662961959839,
  "timestamp": "2026-05-15 06:40:27",
  "task_slug": "playground-series-s3e25",
  "uses_test_set": false
}