sample_id,actual,prediction,correct,confidence
0,49,93,0,0.3828117017709276
1,60,91,0,0.37625017908635966