sample_id,actual,prediction,correct,confidence
0,49,60,0,0.12443321534714638
1,60,60,1,0.10800320150803945