sample_id,actual,prediction,correct,confidence
0,49,93,0,0.3809532650290005
1,60,91,0,0.3259018313862607