sample_id,actual,prediction,correct,confidence
0,49,60,0,0.79083289393121
1,60,60,1,0.7249233171535012