sample_id,actual,prediction,correct,confidence
0,49,60,0,0.4172583051025019
1,60,60,1,0.31636418841497904