sample_id,actual,prediction,correct,confidence
0,49,93,0,0.5072291818858053
1,60,91,0,0.4999999380000074