sample_id,actual,prediction,correct,confidence
0,49,60,0,0.6347232853833403
1,60,60,1,0.5926840700968725