sample_id,actual,prediction,correct,confidence
0,49,60,0,0.3240590278392854
1,60,93,0,0.2623027550224722