sample_id,actual,prediction,correct,confidence
0,49,93,0,0.5530368083034488
1,60,93,0,0.9999978802793524