sample_id,actual,prediction,correct,confidence
0,49,60,0,0.025183785947374686
1,60,60,1,0.02391277673560418