sample_id,actual,prediction,correct,confidence
0,49,60,0,0.28227193575263
1,60,60,1,0.1981935051796943