sample_id,actual,prediction,correct,confidence
0,49,60,0,0.25762469631789525
1,60,91,0,0.21643198055059049