sample_id,actual,prediction,correct,confidence
0,49,60,0,0.4793911566113129
1,60,60,1,0.3953127260383772