sample_id,actual,prediction,correct,confidence
0,49,93,0,0.42401711735609526
1,60,93,0,0.3492108308373832