sample_id,actual,prediction,correct,confidence
0,49,93,0,0.5530368099625591
1,60,93,0,0.9999978832793455