sample_id,actual,prediction,correct,confidence
0,49,60,0,0.4687910379577602
1,60,60,1,0.26378693243867496