sample_id,actual,prediction,correct,confidence
0,49,93,0,0.4240171160840441
1,60,93,0,0.3492108297897508