sample_id,actual,prediction,correct,confidence
0,49,60,0,0.3294952262358357
1,60,93,0,0.28047204936329684