sample_id,actual,prediction,correct,confidence
0,49,93,0,0.6947791073867606
1,60,93,0,0.40399115249215095