sample_id,actual,prediction,correct,confidence
0,49,93,0,0.9999998730000154
1,60,91,0,0.9999998730000151