sample_id,actual,prediction,correct,confidence
0,49,93,0,0.3828117006224927
1,60,91,0,0.3762501779576093