sample_id,actual,prediction,correct,confidence
0,49,93,0,0.380953263886141
1,60,91,0,0.3259018304085554