{
  "experiment_num": 92,
  "backbone": "mlp",
  "description": "mlp iter 17/25: Very wide.",
  "params": {
    "iterations": 400,
    "epochs": 30,
    "lr": 0.001,
    "hidden": [
      512,
      256
    ]
  },
  "metric": "roc_auc",
  "train_score": 0.9999428150126931,
  "val_score": 0.9979035639412999,
  "composite": 0.9978016013877302,
  "train_metrics": {
    "accuracy": 0.9971428571428571,
    "f1": 0.9972144846796658,
    "precision": 0.99860529986053,
    "recall": 0.9958275382475661,
    "mcc": 0.9942860087114214,
    "roc_auc": 0.9999428150126931,
    "confusion": [
      [
        680,
        1
      ],
      [
        3,
        716
      ]
    ]
  },
  "val_metrics": {
    "accuracy": 0.97,
    "f1": 0.967741935483871,
    "precision": 0.9782608695652174,
    "recall": 0.9574468085106383,
    "mcc": 0.9399004278708872,
    "roc_auc": 0.9979035639412999,
    "confusion": [
      [
        156,
        3
      ],
      [
        6,
        135
      ]
    ]
  },
  "elapsed_sec": 2.8790524005889893,
  "timestamp": "2026-05-15 06:56:20",
  "task_slug": "playground-series-s3e5",
  "uses_test_set": false
}