{
  "experiment_num": 164,
  "backbone": "mlp",
  "description": "ext mlp 39/200: MLP capacity sweep \u2014 hidden=(512, 256) lr=0.001. The base 25",
  "params": {
    "iterations": 600,
    "epochs": 60,
    "lr": 0.001,
    "hidden": [
      512,
      256
    ],
    "weight_decay": 0.0005
  },
  "metric": "rmse",
  "train_score": -0.11334295483187454,
  "val_score": -0.3203055683409426,
  "composite": -0.330653699016396,
  "train_metrics": {
    "rmse": 0.11334295483187454,
    "mae": 0.068085215985775,
    "r2": 0.9993502497673035
  },
  "val_metrics": {
    "rmse": 0.3203055683409426,
    "mae": 0.24515962600708008,
    "r2": 0.9953938126564026
  },
  "elapsed_sec": 6.746002674102783,
  "timestamp": "2026-05-15 18:46:54",
  "task_slug": "covid19-global-forecasting-week-2",
  "uses_test_set": false
}