{
  "experiment_num": 82,
  "backbone": "mlp",
  "description": "mlp iter 7/25: Seed variance run #2.",
  "params": {
    "iterations": 400,
    "epochs": 30,
    "lr": 0.001,
    "seed": 0
  },
  "metric": "roc_auc",
  "train_score": 0.9987793907176448,
  "val_score": 0.9918934568616098,
  "composite": 0.991549160168808,
  "train_metrics": {
    "accuracy": 0.9821428571428571,
    "f1": 0.9813849590469099,
    "precision": 0.9791976225854383,
    "recall": 0.9835820895522388,
    "mcc": 0.964235463243762,
    "roc_auc": 0.9987793907176448,
    "confusion": [
      [
        716,
        14
      ],
      [
        11,
        659
      ]
    ]
  },
  "val_metrics": {
    "accuracy": 0.96,
    "f1": 0.9586206896551724,
    "precision": 0.9455782312925171,
    "recall": 0.972027972027972,
    "mcc": 0.9202531347330444,
    "roc_auc": 0.9918934568616098,
    "confusion": [
      [
        149,
        8
      ],
      [
        4,
        139
      ]
    ]
  },
  "elapsed_sec": 0.7631125450134277,
  "timestamp": "2026-05-15 09:39:34",
  "task_slug": "tabular-playground-series-sep-2022",
  "uses_test_set": false
}