{
  "experiment_num": 92,
  "backbone": "mlp",
  "description": "mlp iter 17/25: Very wide.",
  "params": {
    "iterations": 400,
    "epochs": 30,
    "lr": 0.001,
    "hidden": [
      512,
      256
    ]
  },
  "metric": "roc_auc",
  "train_score": 0.9997487534699597,
  "val_score": 0.9986666074047736,
  "composite": 0.9986125001015144,
  "train_metrics": {
    "accuracy": 0.9957142857142857,
    "f1": 0.995575221238938,
    "precision": 0.9970457902511078,
    "recall": 0.9941089837997055,
    "mcc": 0.9914241687394851,
    "roc_auc": 0.9997487534699597,
    "confusion": [
      [
        719,
        2
      ],
      [
        4,
        675
      ]
    ]
  },
  "val_metrics": {
    "accuracy": 0.9866666666666667,
    "f1": 0.9865771812080537,
    "precision": 0.9865771812080537,
    "recall": 0.9865771812080537,
    "mcc": 0.9733321480954709,
    "roc_auc": 0.9986666074047736,
    "confusion": [
      [
        149,
        2
      ],
      [
        2,
        147
      ]
    ]
  },
  "elapsed_sec": 2.84352970123291,
  "timestamp": "2026-05-15 06:03:28",
  "task_slug": "playground-series-s3e18",
  "uses_test_set": false
}