{
  "experiment_num": 100,
  "backbone": "mlp",
  "description": "mlp iter 25/25: Final variance seed (6th).",
  "params": {
    "iterations": 400,
    "epochs": 30,
    "lr": 0.001,
    "seed": 7
  },
  "metric": "roc_auc",
  "train_score": 0.9999591469056844,
  "val_score": 0.9977776790079559,
  "composite": 0.9976686056130695,
  "train_metrics": {
    "accuracy": 0.9971428571428571,
    "f1": 0.9970631424375918,
    "precision": 0.9941434846266471,
    "recall": 1.0,
    "mcc": 0.9942978052317301,
    "roc_auc": 0.9999591469056844,
    "confusion": [
      [
        717,
        4
      ],
      [
        0,
        679
      ]
    ]
  },
  "val_metrics": {
    "accuracy": 0.97,
    "f1": 0.9700996677740864,
    "precision": 0.9605263157894737,
    "recall": 0.9798657718120806,
    "mcc": 0.9401933569069849,
    "roc_auc": 0.9977776790079559,
    "confusion": [
      [
        145,
        6
      ],
      [
        3,
        146
      ]
    ]
  },
  "elapsed_sec": 0.9721145629882812,
  "timestamp": "2026-05-15 06:03:43",
  "task_slug": "playground-series-s3e18",
  "uses_test_set": false
}