{
  "experiment_num": 92,
  "backbone": "mlp",
  "description": "mlp iter 17/25: Very wide.",
  "params": {
    "iterations": 400,
    "epochs": 30,
    "lr": 0.001,
    "hidden": [
      512,
      256
    ]
  },
  "metric": "roc_auc",
  "train_score": 0.9995182257643063,
  "val_score": 0.9976443397484333,
  "composite": 0.9975506454476396,
  "train_metrics": {
    "accuracy": 0.9892857142857143,
    "f1": 0.9891225525743292,
    "precision": 0.9869753979739508,
    "recall": 0.9912790697674418,
    "mcc": 0.9785756954219804,
    "roc_auc": 0.9995182257643063,
    "confusion": [
      [
        703,
        9
      ],
      [
        6,
        682
      ]
    ]
  },
  "val_metrics": {
    "accuracy": 0.9733333333333334,
    "f1": 0.9733333333333334,
    "precision": 0.9798657718120806,
    "recall": 0.9668874172185431,
    "mcc": 0.9467531890306236,
    "roc_auc": 0.9976443397484333,
    "confusion": [
      [
        146,
        3
      ],
      [
        5,
        146
      ]
    ]
  },
  "elapsed_sec": 2.6878926753997803,
  "timestamp": "2026-05-15 06:29:55",
  "task_slug": "playground-series-s3e23",
  "uses_test_set": false
}