{
  "task": "playground-series-s3e23",
  "name": "playground-series-s3e23",
  "problem_type": "classification_binary",
  "metric": "roc_auc",
  "champion_backbone": "mlp",
  "champion_composite": 0.9975506454476396,
  "champion_val": 0.9976443397484333,
  "champion_train": 0.9995182257643063,
  "test_score": 0.9955943175687826,
  "test_metrics": {
    "accuracy": 0.95,
    "f1": 0.945054945054945,
    "precision": 0.9280575539568345,
    "recall": 0.9626865671641791,
    "mcc": 0.8997195108551908,
    "roc_auc": 0.9955943175687826,
    "confusion": [
      [
        156,
        10
      ],
      [
        5,
        129
      ]
    ]
  },
  "dsbench_baseline": 0.5,
  "delta_vs_dsbench": 0.4955943175687826,
  "beats_dsbench": true,
  "timestamp": "2026-05-16 17:34:13"
}