{
  "experiment_num": 89,
  "backbone": "mlp",
  "description": "mlp iter 14/25: Seed variance run #4.",
  "params": {
    "iterations": 400,
    "epochs": 30,
    "lr": 0.001,
    "seed": 2024
  },
  "metric": "roc_auc",
  "train_score": 0.9996774562320355,
  "val_score": 0.9971998755500244,
  "composite": 0.9970759965159238,
  "train_metrics": {
    "accuracy": 0.9921428571428571,
    "f1": 0.9919649379108838,
    "precision": 0.9970631424375918,
    "recall": 0.9869186046511628,
    "mcc": 0.98432766237772,
    "roc_auc": 0.9996774562320355,
    "confusion": [
      [
        710,
        2
      ],
      [
        9,
        679
      ]
    ]
  },
  "val_metrics": {
    "accuracy": 0.9666666666666667,
    "f1": 0.9668874172185431,
    "precision": 0.9668874172185431,
    "recall": 0.9668874172185431,
    "mcc": 0.9333303702386773,
    "roc_auc": 0.9971998755500244,
    "confusion": [
      [
        144,
        5
      ],
      [
        5,
        146
      ]
    ]
  },
  "elapsed_sec": 1.007615566253662,
  "timestamp": "2026-05-15 06:29:47",
  "task_slug": "playground-series-s3e23",
  "uses_test_set": false
}