{
  "experiment_num": 89,
  "backbone": "mlp",
  "description": "mlp iter 14/25: Seed variance run #4.",
  "params": {
    "iterations": 400,
    "epochs": 30,
    "lr": 0.001,
    "seed": 2024
  },
  "metric": "roc_auc",
  "train_score": 0.9987040393155695,
  "val_score": 0.9959648493543759,
  "composite": 0.9958278898563162,
  "train_metrics": {
    "accuracy": 0.9821428571428571,
    "f1": 0.9820531227566404,
    "precision": 0.9813486370157819,
    "recall": 0.9827586206896551,
    "mcc": 0.9642858236425499,
    "roc_auc": 0.9987040393155695,
    "confusion": [
      [
        691,
        13
      ],
      [
        12,
        684
      ]
    ]
  },
  "val_metrics": {
    "accuracy": 0.96,
    "f1": 0.9558823529411765,
    "precision": 0.9558823529411765,
    "recall": 0.9558823529411765,
    "mcc": 0.919296987087518,
    "roc_auc": 0.9959648493543759,
    "confusion": [
      [
        158,
        6
      ],
      [
        6,
        130
      ]
    ]
  },
  "elapsed_sec": 0.8054394721984863,
  "timestamp": "2026-05-15 05:26:29",
  "task_slug": "playground-series-s3e10",
  "uses_test_set": false
}