{
  "experiment_num": 79,
  "backbone": "mlp",
  "description": "mlp iter 4/25: Higher LR \u2014 test if baseline is under-optimised in compute budget.",
  "params": {
    "iterations": 400,
    "epochs": 30,
    "lr": 0.003
  },
  "metric": "roc_auc",
  "train_score": 0.9996183478748916,
  "val_score": 0.9966593915638502,
  "composite": 0.9965114437482981,
  "train_metrics": {
    "accuracy": 0.9978571428571429,
    "f1": 0.9978463747307968,
    "precision": 0.995702005730659,
    "recall": 1.0,
    "mcc": 0.9957233430622379,
    "roc_auc": 0.9996183478748916,
    "confusion": [
      [
        702,
        3
      ],
      [
        0,
        695
      ]
    ]
  },
  "val_metrics": {
    "accuracy": 0.9666666666666667,
    "f1": 0.9652777777777778,
    "precision": 0.9586206896551724,
    "recall": 0.972027972027972,
    "mcc": 0.9333126916048708,
    "roc_auc": 0.9966593915638502,
    "confusion": [
      [
        151,
        6
      ],
      [
        4,
        139
      ]
    ]
  },
  "elapsed_sec": 0.7349569797515869,
  "timestamp": "2026-05-15 07:53:44",
  "task_slug": "porto-seguro-safe-driver-prediction",
  "uses_test_set": false
}