sample_id,actual,prediction,correct,confidence
0,93,55,0,0.40079731504912597
1,31,54,0,0.4414931925360552