sample_id,actual,prediction,correct,confidence
0,93,55,0,0.6826501580529377
1,36,54,0,0.5043983113425154