sample_id,actual,prediction,correct,confidence
0,93,55,0,0.7453032241126886
1,36,55,0,0.6038582238453045