sample_id,actual,prediction,correct,confidence
0,93,55,0,0.16193017927068754
1,36,54,0,0.12334516534923282