sample_id,actual,prediction,correct,confidence
0,93,55,0,0.9999998699979924
1,36,55,0,0.999999869835329