sample_id,actual,prediction,correct,confidence
0,93,55,0,0.6557988440273302
1,36,54,0,0.6301032564979852