sample_id,actual,prediction,correct,confidence
0,93,55,0,0.9607586046095681
1,36,54,0,0.4994128812659287