sample_id,actual,prediction,correct,confidence
0,93,55,0,0.43845293243904243
1,31,54,0,0.46707146614997297