sample_id,actual,prediction,correct,confidence
0,93,49,0,0.46232341156107853
1,36,54,0,0.5043983113425154