sample_id,actual,prediction,correct,confidence
0,93,55,0,0.027671137584547166
1,36,54,0,0.024918848829234154