sample_id,actual,prediction,correct,confidence
0,93,49,0,0.5072111431738294
1,31,54,0,0.5454544706258123