sample_id,actual,prediction,correct,confidence
0,93,55,0,0.6110466558177907
1,31,54,0,0.8396115009426023