sample_id,actual,prediction,correct,confidence
0,93,55,0,0.6282039255695286
1,31,55,0,0.3835165843889083