sample_id,actual,prediction,correct,confidence
0,93,55,0,0.5034318132113266
1,36,54,0,0.4205950145722022