sample_id,actual,prediction,correct,confidence
0,93,55,0,0.9999998729979916
1,31,55,0,0.9999998728353282