sample_id,actual,prediction,correct,confidence
0,93,55,0,0.25762143871771437
1,36,55,0,0.26484451283608573