sample_id,actual,prediction,correct,confidence
0,93,55,0,0.611046653984651
1,36,54,0,0.8396114984237681