sample_id,actual,prediction,correct,confidence
0,93,55,0,0.5572279221408784
1,36,54,0,0.4611195904937203