sample_id,actual,prediction,correct,confidence
0,93,55,0,0.5143962032284437
1,36,54,0,0.9961993661027844