sample_id,actual,prediction,correct,confidence
0,93,49,0,0.9999998700000168
1,36,54,0,0.999999870000017