sample_id,actual,prediction,correct,confidence
0,93,49,0,0.5072111416521962
1,36,54,0,0.545454468989449