sample_id,actual,prediction,correct,confidence
0,93,55,0,0.4384529311236838
1,36,54,0,0.4670714647487587