sample_id,actual,prediction,correct,confidence
0,93,55,0,0.40079731384673417
1,36,54,0,0.44149319121157576