sample_id,actual,prediction,correct,confidence
0,49,54,0,0.6897940167252578
1,55,49,0,0.5110069721764307
2,60,49,0,0.5445655065056408