sample_id,actual,prediction,correct,confidence
0,49,54,0,0.16959901302134725
1,55,54,0,0.14506337784403733
2,60,54,0,0.13078218559447566