sample_id,actual,prediction,correct,confidence
0,49,54,0,0.6019977201323129
1,55,49,0,0.5229268554935703
2,60,49,0,0.5476177624492609