sample_id,actual,prediction,correct,confidence
0,49,54,0,0.9764597290996269
1,55,54,0,0.8060004156237381
2,60,54,0,0.7109416353316617