sample_id,actual,prediction,correct,confidence
0,49,49,1,0.451859582179854
1,55,49,0,0.6422233206893961
2,60,49,0,0.6232769616103464