sample_id,actual,prediction,correct,confidence
0,49,54,0,0.7316706794420066
1,55,54,0,0.4565048204528859
2,60,49,0,0.38446312761540824