sample_id,actual,prediction,correct,confidence
0,49,54,0,0.7705938359175807
1,55,54,0,0.6788718829212071
2,60,54,0,0.6335489443521662