sample_id,actual,prediction,correct,confidence
0,49,54,0,0.9990232860132093
1,55,54,0,0.8920314252709878
2,60,49,0,0.9096684200520154