sample_id,actual,prediction,correct,confidence
0,49,54,0,0.7433476263846788
1,55,54,0,0.5232149391933822
2,60,54,0,0.41443988662768416