sample_id,actual,prediction,correct,confidence
0,49,54,0,0.028096006812576683
1,55,54,0,0.026564497237695314
2,60,54,0,0.025587308425214464