sample_id,actual,prediction,correct,confidence
0,49,54,0,0.749999904750012
1,55,49,0,0.5146832452677004
2,60,49,0,0.5454544914884402