sample_id,actual,prediction,correct,confidence
0,49,54,0,0.5540130368211108
1,55,49,0,0.46974278207504183
2,60,49,0,0.4539541495091671