sample_id,actual,prediction,correct,confidence
0,49,54,0,0.9990232890102789
1,55,54,0,0.8920314279470818
2,60,49,0,0.9096684227810203