sample_id,actual,prediction,correct,confidence
0,49,54,0,0.6413867303129777
1,55,54,0,0.5271385749513268
2,60,54,0,0.3875159232667385