sample_id,actual,prediction,correct,confidence
0,49,54,0,0.4279051472689439
1,55,54,0,0.2543223872696512
2,60,54,0,0.2648445094727902