sample_id,actual,prediction,correct,confidence
0,49,54,0,0.7122091033408464
1,55,49,0,0.5436685933430871
2,60,49,0,0.512091328116606