sample_id,actual,prediction,correct,confidence
0,49,54,0,0.7511322576797936
1,55,54,0,0.5676883516870466
2,60,54,0,0.47704247454896476