sample_id,actual,prediction,correct,confidence
0,49,54,0,0.7122091012042194
1,55,49,0,0.5436685917120816
2,60,49,0,0.5120913265803322