sample_id,actual,prediction,correct,confidence
0,49,54,0,0.5760605002893076
1,55,49,0,0.4312694394201111
2,60,49,0,0.5227061710622832