sample_id,actual,prediction,correct,confidence
0,49,54,0,0.8037583075175789
1,55,49,0,0.8398912516901113
2,60,49,0,0.6234234215483226