sample_id,actual,prediction,correct,confidence
0,49,54,0,0.999999870000017
1,55,49,0,0.9999998700000168
2,60,49,0,0.9999998700000168