sample_id,actual,prediction,correct,confidence
0,49,54,0,0.7499999025000126
1,55,49,0,0.5146832437236508
2,60,49,0,0.5454544898520769