sample_id,actual,prediction,correct,confidence
0,49,54,0,0.689794014655876
1,55,49,0,0.5110069706434099
2,60,49,0,0.5445655048719444