sample_id,actual,prediction,correct,confidence
0,49,54,0,0.6019977183263199
1,55,49,0,0.52292685392479
2,60,49,0,0.5476177608064078