{
  "task": "playground-series-s3e9",
  "name": "playground-series-s3e9",
  "problem_type": "classification_binary",
  "metric": "roc_auc",
  "champion_backbone": "mlp",
  "champion_composite": 0.994353975014281,
  "champion_val": 0.9946027922744101,
  "champion_train": 0.9995791374769905,
  "test_score": 0.9954821971730184,
  "test_metrics": {
    "accuracy": 0.9566666666666667,
    "f1": 0.9520295202952029,
    "precision": 0.9699248120300752,
    "recall": 0.9347826086956522,
    "mcc": 0.913057090968989,
    "roc_auc": 0.9954821971730184,
    "confusion": [
      [
        158,
        4
      ],
      [
        9,
        129
      ]
    ]
  },
  "dsbench_baseline": 0.5,
  "delta_vs_dsbench": 0.49548219717301845,
  "beats_dsbench": true,
  "timestamp": "2026-05-16 13:12:16"
}