{
  "experiment_num": 93,
  "backbone": "mlp",
  "description": "mlp iter 18/25: Mid-high LR.",
  "params": {
    "iterations": 400,
    "epochs": 30,
    "lr": 0.002
  },
  "metric": "roc_auc",
  "train_score": 0.9992202490304143,
  "val_score": 0.9973475993526344,
  "composite": 0.9972539668687455,
  "train_metrics": {
    "accuracy": 0.9935714285714285,
    "f1": 0.9936753338018272,
    "precision": 0.9915848527349228,
    "recall": 0.995774647887324,
    "mcc": 0.9871485156624856,
    "roc_auc": 0.9992202490304143,
    "confusion": [
      [
        684,
        6
      ],
      [
        3,
        707
      ]
    ]
  },
  "val_metrics": {
    "accuracy": 0.9766666666666667,
    "f1": 0.9784615384615385,
    "precision": 1.0,
    "recall": 0.9578313253012049,
    "mcc": 0.9540856437104996,
    "roc_auc": 0.9973475993526344,
    "confusion": [
      [
        134,
        0
      ],
      [
        7,
        159
      ]
    ]
  },
  "elapsed_sec": 0.6079285144805908,
  "timestamp": "2026-05-15 06:35:11",
  "task_slug": "playground-series-s3e24",
  "uses_test_set": false
}