{
  "task": "dont-overfit-ii",
  "name": "dont-overfit-ii",
  "problem_type": "classification_binary",
  "metric": "roc_auc",
  "champion_backbone": "mlp",
  "champion_composite": 0.9981238696214306,
  "champion_val": 0.9982065997130559,
  "champion_train": 0.9998612015455617,
  "test_score": 0.9956881223328591,
  "test_metrics": {
    "accuracy": 0.9566666666666667,
    "f1": 0.9570957095709571,
    "precision": 0.9602649006622517,
    "recall": 0.9539473684210527,
    "mcc": 0.9133459293553672,
    "roc_auc": 0.9956881223328591,
    "confusion": [
      [
        142,
        6
      ],
      [
        7,
        145
      ]
    ]
  },
  "dsbench_baseline": 0.5,
  "delta_vs_dsbench": 0.4956881223328591,
  "beats_dsbench": true,
  "timestamp": "2026-05-16 13:11:13"
}