sample_id,actual,prediction,correct,confidence
0,54,54,1,0.4997858677214462
1,49,54,0,0.41999635965077947