sample_id,actual,prediction,correct,confidence
0,54,54,1,0.5481641254604331
1,49,54,0,0.4816728687348775