sample_id,actual,prediction,correct,confidence
0,54,54,1,0.8603991603850553
1,49,54,0,0.8122489804132175