sample_id,actual,prediction,correct,confidence
0,54,54,1,0.6691097698079005
1,49,54,0,0.6358641414451227