sample_id,actual,prediction,correct,confidence
0,54,49,0,0.31654125600659294
1,49,49,1,0.4798232256054512