sample_id,actual,prediction,correct,confidence
0,54,78,0,0.3325090064582012
1,49,60,0,0.4210685702540304