sample_id,actual,prediction,correct,confidence
0,54,60,0,0.5026889664761858
1,49,60,0,0.9107009611843037