sample_id,actual,prediction,correct,confidence
0,54,78,0,0.3816057121371427
1,49,60,0,0.40878115764530565