sample_id,actual,prediction,correct,confidence
0,54,54,1,0.13718115708291517
1,49,54,0,0.12510610120916205