sample_id,actual,prediction,correct,confidence
0,54,54,1,0.02610031084259151
1,49,54,0,0.025247158481791748