sample_id,actual,prediction,correct,confidence
0,54,78,0,0.507218968250472
1,49,60,0,0.5134955616985055