sample_id,actual,prediction,correct,confidence
0,54,54,1,0.3510449046017503
1,49,49,1,0.3344093695050878