sample_id,actual,prediction,correct,confidence
0,54,78,0,0.21863348023527077
1,49,54,0,0.25876346052331484