sample_id,actual,prediction,correct,confidence
0,54,54,1,0.470902364364738
1,49,54,0,0.37045690904298534