sample_id,actual,prediction,correct,confidence
0,54,60,0,0.37151640272367287
1,49,60,0,0.29276374390295185