sample_id,actual,prediction,correct,confidence
0,54,78,0,0.9999998710000155
1,49,60,0,0.9999998710000169