sample_id,actual,prediction,correct,confidence
0,54,78,0,0.5072189667288153
1,49,60,0,0.513495560158019