sample_id,actual,prediction,correct,confidence
0,54,78,0,0.33250900546067425
1,49,60,0,0.42106856899082484