sample_id,actual,prediction,correct,confidence
0,85,54,0,0.46959526551617914
1,55,54,0,0.565700722846743
2,78,54,0,0.5717199574684065