sample_id,actual,prediction,correct,confidence
0,85,49,0,0.3736127090496473
1,55,49,0,0.4433506134345764
2,78,49,0,0.377659918281803