sample_id,actual,prediction,correct,confidence
0,85,85,1,0.5016683782215672
1,55,49,0,0.38582154322387613
2,78,54,0,0.7008420219985417