sample_id,actual,prediction,correct,confidence
0,85,54,0,0.9996013940682564
1,55,54,0,0.999997470476497
2,78,54,0,0.9999998429723218