sample_id,actual,prediction,correct,confidence
0,85,85,1,0.49999993700000805
1,55,49,0,0.5146832457823836
2,78,54,0,0.8181817150909225