sample_id,actual,prediction,correct,confidence
0,85,54,0,0.5336872952440168
1,55,54,0,0.610571661108468
2,78,54,0,0.6153870488057989