sample_id,actual,prediction,correct,confidence
0,85,85,1,0.43781652584577996
1,55,49,0,0.3329350918385146
2,78,54,0,0.6896544049585709