sample_id,actual,prediction,correct,confidence
0,85,54,0,0.6832353646089716
1,55,54,0,0.7152705170524929
2,78,54,0,0.7172769285930474