sample_id,actual,prediction,correct,confidence
0,85,54,0,0.8828511762609853
1,55,54,0,0.9482064270564577
2,78,54,0,0.9208113500092973