sample_id,actual,prediction,correct,confidence
0,85,54,0,0.026292689471725212
1,55,54,0,0.026917731030537143
2,78,54,0,0.027106095127594473