sample_id,actual,prediction,correct,confidence
0,85,54,0,0.14021275667101024
1,55,54,0,0.14935521380999695
2,78,54,0,0.15284825872881388