sample_id,actual,prediction,correct,confidence
0,85,85,1,0.3811899836550417
1,55,54,0,0.49091582721661525
2,78,54,0,0.4989414734029104