sample_id,actual,prediction,correct,confidence
0,85,54,0,0.9996013970670602
1,55,54,0,0.999997473476489
2,78,54,0,0.999999845972321