sample_id,actual,prediction,correct,confidence
0,85,54,0,0.5078102302979792
1,55,54,0,0.602205964877162
2,78,54,0,0.607917677710379