sample_id,actual,prediction,correct,confidence
0,85,54,0,0.5764153150625754
1,55,54,0,0.640485619949618
2,78,54,0,0.644498443030727