sample_id,actual,prediction,correct,confidence
0,85,54,0,0.3792960942038925
1,55,54,0,0.44336639909093506
2,78,54,0,0.4473792221720441