sample_id,actual,prediction,correct,confidence
0,85,54,0,0.25632977731456785
1,55,49,0,0.22089584403653253
2,78,54,0,0.4514492733850217