sample_id,actual,prediction,correct,confidence
0,85,85,1,0.3811899825114719
1,55,54,0,0.490915825743868
2,78,54,0,0.4989414719060861