sample_id,actual,prediction,correct,confidence
0,85,54,0,0.38523692941178056
1,55,54,0,0.52008797840606
2,78,54,0,0.5282475681433199