sample_id,actual,prediction,correct,confidence
0,85,85,1,0.5481887815150887
1,55,49,0,0.5139946805931794
2,78,54,0,0.6129550445304371