sample_id,actual,prediction,correct,confidence
0,85,85,1,0.9999998710000157
1,55,49,0,0.9999998710000166
2,78,54,0,0.9999998710000169