sample_id,actual,prediction,correct,confidence
0,85,85,1,0.49999993550000843
1,55,49,0,0.514683244238334
2,78,54,0,0.8181817126363777