sample_id,actual,prediction,correct,confidence
0,85,85,1,0.5016683767165623
1,55,49,0,0.3858215420664116
2,78,54,0,0.7008420198960159