sample_id,actual,prediction,correct,confidence
0,85,85,1,0.4378165245323305
1,55,49,0,0.3329350908397094
2,78,54,0,0.6896544028896079