{
  "experiment_num": 19,
  "backbone": "excel_agent",
  "description": "excel_agent iter 19/25: Symmetric to iter-18: 100% global-mode prior with NO per-task mode. Isolates the",
  "params": {
    "classifier": "logreg",
    "C": 1.0,
    "max_iter": 500,
    "prior_weight": 0.4,
    "agent_weight": 1.0,
    "agent_bias": 1.0,
    "seed": 42
  },
  "metric": "exact_match_accuracy",
  "train_score": 0.5555555555555556,
  "val_score": 0.25,
  "composite": 0.25,
  "train_metrics": {
    "accuracy": 0.5555555555555556,
    "f1": 0.5,
    "precision": 0.6071428571428572,
    "recall": 0.5625,
    "mcc": 0.4720587952499556,
    "confusion": [
      [
        3,
        0,
        0,
        0
      ],
      [
        3,
        1,
        0,
        0
      ],
      [
        0,
        0,
        1,
        0
      ],
      [
        1,
        0,
        0,
        0
      ]
    ]
  },
  "val_metrics": {
    "accuracy": 0.3333333333333333,
    "f1": 0.16666666666666666,
    "precision": 0.1111111111111111,
    "recall": 0.3333333333333333,
    "mcc": 0.0,
    "confusion": [
      [
        1,
        0,
        0
      ],
      [
        1,
        0,
        0
      ],
      [
        1,
        0,
        0
      ]
    ]
  },
  "elapsed_sec": 2.0018038749694824,
  "timestamp": "2026-05-15 23:44:13",
  "task_slug": "2013-round-2-theory-and-practice",
  "uses_test_set": false
}