{
  "experiment_num": 92,
  "backbone": "mlp",
  "description": "mlp iter 17/25: Very wide.",
  "params": {
    "iterations": 400,
    "epochs": 30,
    "lr": 0.001,
    "hidden": [
      512,
      256
    ]
  },
  "metric": "roc_auc",
  "train_score": 0.9995326378004179,
  "val_score": 0.9937641975858537,
  "composite": 0.9934757755751255,
  "train_metrics": {
    "accuracy": 0.995,
    "f1": 0.9949892627057981,
    "precision": 0.9914407988587732,
    "recall": 0.9985632183908046,
    "mcc": 0.9900253372901906,
    "roc_auc": 0.9995326378004179,
    "confusion": [
      [
        698,
        6
      ],
      [
        1,
        695
      ]
    ]
  },
  "val_metrics": {
    "accuracy": 0.9566666666666667,
    "f1": 0.9553264604810997,
    "precision": 0.9391891891891891,
    "recall": 0.972027972027972,
    "mcc": 0.9137878075171816,
    "roc_auc": 0.9937641975858537,
    "confusion": [
      [
        148,
        9
      ],
      [
        4,
        139
      ]
    ]
  },
  "elapsed_sec": 3.0929062366485596,
  "timestamp": "2026-05-15 05:16:03",
  "task_slug": "nlp-getting-started",
  "uses_test_set": false
}