{
  "experiment_num": 83,
  "backbone": "mlp",
  "description": "mlp iter 8/25: Seed variance run #3.",
  "params": {
    "iterations": 400,
    "epochs": 30,
    "lr": 0.001,
    "seed": 99
  },
  "metric": "roc_auc",
  "train_score": 0.9998857105538139,
  "val_score": 0.9925615785488398,
  "composite": 0.9921953719485911,
  "train_metrics": {
    "accuracy": 0.9978571428571429,
    "f1": 0.9978463747307968,
    "precision": 0.9971305595408895,
    "recall": 0.9985632183908046,
    "mcc": 0.9957151968416476,
    "roc_auc": 0.9998857105538139,
    "confusion": [
      [
        702,
        2
      ],
      [
        1,
        695
      ]
    ]
  },
  "val_metrics": {
    "accuracy": 0.9633333333333334,
    "f1": 0.9619377162629758,
    "precision": 0.952054794520548,
    "recall": 0.972027972027972,
    "mcc": 0.9267611267393414,
    "roc_auc": 0.9925615785488398,
    "confusion": [
      [
        150,
        7
      ],
      [
        4,
        139
      ]
    ]
  },
  "elapsed_sec": 1.021519660949707,
  "timestamp": "2026-05-15 05:15:42",
  "task_slug": "nlp-getting-started",
  "uses_test_set": false
}