{
  "task": "playground-series-s3e22",
  "name": "playground-series-s3e22",
  "problem_type": "classification_binary",
  "metric": "roc_auc",
  "champion_backbone": "mlp",
  "champion_composite": 0.9950743230403721,
  "champion_val": 0.9952880512091038,
  "champion_train": 0.9995626145837379,
  "test_score": 0.9926994301994302,
  "test_metrics": {
    "accuracy": 0.95,
    "f1": 0.9491525423728814,
    "precision": 0.9271523178807947,
    "recall": 0.9722222222222222,
    "mcc": 0.901007768027278,
    "roc_auc": 0.9926994301994302,
    "confusion": [
      [
        145,
        11
      ],
      [
        4,
        140
      ]
    ]
  },
  "dsbench_baseline": 0.5,
  "delta_vs_dsbench": 0.4926994301994302,
  "beats_dsbench": true,
  "timestamp": "2026-05-16 17:34:11"
}