sample_id,actual,prediction,correct,confidence
0,91,93,0,0.5072111431738295
1,22,8,0,0.5454544706258124