sample_id,actual,prediction,correct,confidence
0,91,54,0,0.9999998699967332
1,28,54,0,0.9999998699912083