sample_id,actual,prediction,correct,confidence
0,91,49,0,0.42065426587864485
1,28,13,0,0.4973836062547657