sample_id,actual,prediction,correct,confidence
0,91,54,0,0.9483751384151639
1,28,54,0,0.5656154391922011