sample_id,actual,prediction,correct,confidence
0,91,54,0,0.6151249743511279
1,28,13,0,0.621334875138298