sample_id,actual,prediction,correct,confidence
0,91,54,0,0.390878552050386
1,22,8,0,0.4414931925360552