sample_id,actual,prediction,correct,confidence
0,91,54,0,0.7317452675539545
1,28,54,0,0.6317574714911282