sample_id,actual,prediction,correct,confidence
0,91,54,0,0.4276022840946733
1,22,8,0,0.46707146614997286