sample_id,actual,prediction,correct,confidence
0,91,54,0,0.15754851770276157
1,28,54,0,0.13456767381572096