sample_id,actual,prediction,correct,confidence
0,91,54,0,0.027408519144731653
1,28,54,0,0.025701489976022975