sample_id,actual,prediction,correct,confidence
0,91,54,0,0.6501110623119759
1,28,13,0,0.4973836062547657