sample_id,actual,prediction,correct,confidence
0,91,54,0,0.2530677189027765
1,28,54,0,0.3370442480648527