sample_id,actual,prediction,correct,confidence
0,91,54,0,0.6066360182822561
1,22,54,0,0.5544852721929253