sample_id,actual,prediction,correct,confidence
0,91,54,0,0.5568148294201589
1,22,8,0,0.8279203257612793