sample_id,actual,prediction,correct,confidence
0,91,54,0,0.9999998729967327
1,22,54,0,0.9999998729912075