sample_id,actual,prediction,correct,confidence
0,91,54,0,0.6734351209525412
1,28,54,0,0.47345952882688846