sample_id,actual,prediction,correct,confidence
0,91,54,0,0.5568148277497146
1,28,13,0,0.8279203232775186