sample_id,actual,prediction,correct,confidence
0,91,54,0,0.526416626108637
1,28,54,0,0.45191556049023907