sample_id,actual,prediction,correct,confidence
0,91,93,0,0.5703761159338135
1,28,13,0,0.9951122341824203