sample_id,actual,prediction,correct,confidence
0,91,93,0,0.9999998700000161
1,28,13,0,0.9999998700000166