sample_id,actual,prediction,correct,confidence
0,91,93,0,0.5072111416521964
1,28,13,0,0.5454544689894492