sample_id,actual,prediction,correct,confidence
0,91,54,0,0.39087855087775053
1,28,13,0,0.44149319121157576