{
  "experiment_num": 85,
  "backbone": "mlp",
  "description": "mlp iter 10/25: Combined moderate lr + mid hidden \u2014 balanced.",
  "params": {
    "iterations": 400,
    "epochs": 30,
    "lr": 0.0005,
    "hidden": [
      192,
      96
    ]
  },
  "metric": "roc_auc",
  "train_score": 0.9999877542023495,
  "val_score": 0.9969921436588104,
  "composite": 0.9968423631316334,
  "train_metrics": {
    "accuracy": 0.9985714285714286,
    "f1": 0.9985590778097982,
    "precision": 0.9985590778097982,
    "recall": 0.9985590778097982,
    "mcc": 0.9971426472148974,
    "roc_auc": 0.9999877542023495,
    "confusion": [
      [
        705,
        1
      ],
      [
        1,
        693
      ]
    ]
  },
  "val_metrics": {
    "accuracy": 0.9766666666666667,
    "f1": 0.9787234042553191,
    "precision": 0.9817073170731707,
    "recall": 0.9757575757575757,
    "mcc": 0.9529152513191753,
    "roc_auc": 0.9969921436588104,
    "confusion": [
      [
        132,
        3
      ],
      [
        4,
        161
      ]
    ]
  },
  "elapsed_sec": 1.8660688400268555,
  "timestamp": "2026-05-15 07:11:50",
  "task_slug": "playground-series-s3e8",
  "uses_test_set": false
}