{
  "task": "playground-series-s3e8",
  "name": "playground-series-s3e8",
  "problem_type": "classification_binary",
  "metric": "roc_auc",
  "champion_backbone": "mlp",
  "champion_composite": 0.9968423631316334,
  "champion_val": 0.9969921436588104,
  "champion_train": 0.9999877542023495,
  "test_score": 0.9889758179231863,
  "test_metrics": {
    "accuracy": 0.9333333333333333,
    "f1": 0.9337748344370861,
    "precision": 0.9155844155844156,
    "recall": 0.9527027027027027,
    "mcc": 0.8674077676404969,
    "roc_auc": 0.9889758179231863,
    "confusion": [
      [
        139,
        13
      ],
      [
        7,
        141
      ]
    ]
  },
  "dsbench_baseline": 0.5,
  "delta_vs_dsbench": 0.48897581792318634,
  "beats_dsbench": true,
  "timestamp": "2026-05-16 12:10:22"
}