{
  "experiment_num": 87,
  "backbone": "mlp",
  "description": "mlp iter 12/25: Wide + deep \u2014 capacity max.",
  "params": {
    "iterations": 400,
    "epochs": 30,
    "lr": 0.001,
    "hidden": [
      256,
      256,
      128
    ]
  },
  "metric": "roc_auc",
  "train_score": 0.9997367153505156,
  "val_score": 0.9930663585048224,
  "composite": 0.9927328406625378,
  "train_metrics": {
    "accuracy": 0.9971428571428571,
    "f1": 0.9971711456859972,
    "precision": 0.9957627118644068,
    "recall": 0.9985835694050992,
    "mcc": 0.994289213590934,
    "roc_auc": 0.9997367153505156,
    "confusion": [
      [
        691,
        3
      ],
      [
        1,
        705
      ]
    ]
  },
  "val_metrics": {
    "accuracy": 0.9466666666666667,
    "f1": 0.9463087248322147,
    "precision": 0.9591836734693877,
    "recall": 0.9337748344370861,
    "mcc": 0.8936652730748291,
    "roc_auc": 0.9930663585048224,
    "confusion": [
      [
        143,
        6
      ],
      [
        10,
        141
      ]
    ]
  },
  "elapsed_sec": 2.6378087997436523,
  "timestamp": "2026-05-15 07:01:25",
  "task_slug": "playground-series-s3e6",
  "uses_test_set": false
}