{
  "experiment_num": 1,
  "backbone": "excel_agent",
  "description": "excel_agent iter 1/25: Baseline: predict the per-task training mode for every Modeloff question. This i",
  "params": {
    "classifier": "prior_only",
    "seed": 42
  },
  "metric": "exact_match_accuracy",
  "train_score": 0.2222222222222222,
  "val_score": 0.2727272727272727,
  "composite": 0.2727272727272727,
  "train_metrics": {
    "accuracy": 0.2222222222222222,
    "f1": 0.05194805194805195,
    "precision": 0.031746031746031744,
    "recall": 0.14285714285714285,
    "mcc": 0.0,
    "confusion": [
      [
        0,
        0,
        0,
        1,
        0,
        0,
        0
      ],
      [
        0,
        0,
        0,
        1,
        0,
        0,
        0
      ],
      [
        0,
        0,
        0,
        1,
        0,
        0,
        0
      ],
      [
        0,
        0,
        0,
        2,
        0,
        0,
        0
      ],
      [
        0,
        0,
        0,
        1,
        0,
        0,
        0
      ],
      [
        0,
        0,
        0,
        1,
        0,
        0,
        0
      ],
      [
        0,
        0,
        0,
        2,
        0,
        0,
        0
      ]
    ]
  },
  "val_metrics": {
    "accuracy": 0.5,
    "f1": 0.3333333333333333,
    "precision": 0.25,
    "recall": 0.5,
    "mcc": 0.0,
    "confusion": [
      [
        0,
        1
      ],
      [
        0,
        1
      ]
    ]
  },
  "elapsed_sec": 0.004524707794189453,
  "timestamp": "2026-05-15 23:47:29",
  "task_slug": "2016-round-1-section-2-chip-off-the-old-block",
  "uses_test_set": false
}