{
  "experiment_num": 4,
  "backbone": "excel_agent",
  "description": "excel_agent iter 4/25: Constant predictor: emit ``D`` for every Modeloff question. The diagnosis report",
  "params": {
    "classifier": "const",
    "const": "D",
    "seed": 42
  },
  "metric": "exact_match_accuracy",
  "train_score": 0.2222222222222222,
  "val_score": 0.21842424242424244,
  "composite": 0.21842424242424244,
  "train_metrics": {
    "accuracy": 0.2222222222222222,
    "f1": 0.05194805194805195,
    "precision": 0.031746031746031744,
    "recall": 0.14285714285714285,
    "mcc": 0.0,
    "confusion": [
      [
        0,
        0,
        0,
        1,
        0,
        0,
        0
      ],
      [
        0,
        0,
        0,
        1,
        0,
        0,
        0
      ],
      [
        0,
        0,
        0,
        1,
        0,
        0,
        0
      ],
      [
        0,
        0,
        0,
        2,
        0,
        0,
        0
      ],
      [
        0,
        0,
        0,
        1,
        0,
        0,
        0
      ],
      [
        0,
        0,
        0,
        1,
        0,
        0,
        0
      ],
      [
        0,
        0,
        0,
        2,
        0,
        0,
        0
      ]
    ]
  },
  "val_metrics": {
    "accuracy": 0.5,
    "f1": 0.3333333333333333,
    "precision": 0.25,
    "recall": 0.5,
    "mcc": 0.0,
    "confusion": [
      [
        0,
        1
      ],
      [
        0,
        1
      ]
    ]
  },
  "elapsed_sec": 0.003990650177001953,
  "timestamp": "2026-05-16 17:32:06",
  "task_slug": "2016-round-1-section-2-chip-off-the-old-block",
  "uses_test_set": false
}