{
  "experiment_num": 165,
  "backbone": "mlp",
  "description": "ext mlp 40/200: MLP capacity sweep \u2014 hidden=(512, 256) lr=0.003. The base 25",
  "params": {
    "iterations": 600,
    "epochs": 60,
    "lr": 0.003,
    "hidden": [
      512,
      256
    ],
    "weight_decay": 0.0005
  },
  "metric": "rmse",
  "train_score": -0.11606464073027974,
  "val_score": -0.30644798301957904,
  "composite": -0.31596715013404403,
  "train_metrics": {
    "rmse": 0.11606464073027974,
    "mae": 0.07518593966960907,
    "r2": 0.9993186593055725
  },
  "val_metrics": {
    "rmse": 0.30644798301957904,
    "mae": 0.23512746393680573,
    "r2": 0.9957837462425232
  },
  "elapsed_sec": 4.6594226360321045,
  "timestamp": "2026-05-15 18:46:59",
  "task_slug": "covid19-global-forecasting-week-2",
  "uses_test_set": false
}