{
  "experiment_num": 85,
  "backbone": "mlp",
  "description": "mlp iter 10/25: Combined moderate lr + mid hidden \u2014 balanced.",
  "params": {
    "iterations": 400,
    "epochs": 30,
    "lr": 0.0005,
    "hidden": [
      192,
      96
    ]
  },
  "metric": "roc_auc",
  "train_score": 0.9996477712315106,
  "val_score": 0.9963104551920341,
  "composite": 0.9961435893900603,
  "train_metrics": {
    "accuracy": 0.9914285714285714,
    "f1": 0.9908675799086758,
    "precision": 0.9938931297709923,
    "recall": 0.9878603945371776,
    "mcc": 0.9828085182975745,
    "roc_auc": 0.9996477712315106,
    "confusion": [
      [
        737,
        4
      ],
      [
        8,
        651
      ]
    ]
  },
  "val_metrics": {
    "accuracy": 0.9633333333333334,
    "f1": 0.9639344262295082,
    "precision": 0.9607843137254902,
    "recall": 0.9671052631578947,
    "mcc": 0.9266677097268562,
    "roc_auc": 0.9963104551920341,
    "confusion": [
      [
        142,
        6
      ],
      [
        5,
        147
      ]
    ]
  },
  "elapsed_sec": 1.8631925582885742,
  "timestamp": "2026-05-15 08:15:40",
  "task_slug": "see-click-predict-fix",
  "uses_test_set": false
}