{
  "task": "see-click-predict-fix",
  "name": "see-click-predict-fix",
  "problem_type": "classification_binary",
  "metric": "roc_auc",
  "champion_backbone": "mlp",
  "champion_composite": 0.9961435893900603,
  "champion_val": 0.9963104551920341,
  "champion_train": 0.9996477712315106,
  "test_score": 0.9896847627940064,
  "test_metrics": {
    "accuracy": 0.94,
    "f1": 0.94,
    "precision": 0.9591836734693877,
    "recall": 0.9215686274509803,
    "mcc": 0.8807523009203682,
    "roc_auc": 0.9896847627940064,
    "confusion": [
      [
        141,
        6
      ],
      [
        12,
        141
      ]
    ]
  },
  "dsbench_baseline": 0.5,
  "delta_vs_dsbench": 0.4896847627940064,
  "beats_dsbench": true,
  "timestamp": "2026-05-16 00:11:48"
}