sample_id,actual,prediction,correct,confidence
0,49,85,0,0.6758692000971822
1,36,85,0,0.6642810851098373