sample_id,actual,prediction,correct,confidence
0,49,85,0,0.5160085004157229
1,36,85,0,0.4881970244460949