sample_id,actual,prediction,correct,confidence
0,49,85,0,0.13858289368115542
1,36,85,0,0.14460782686623064