sample_id,actual,prediction,correct,confidence
0,49,85,0,0.4474967719808117
1,36,60,0,0.5303970125223341