sample_id,actual,prediction,correct,confidence
0,49,93,0,0.38159839298516024
1,31,60,0,0.4670714666170443