sample_id,actual,prediction,correct,confidence
0,49,93,0,0.3488256093640724
1,31,60,0,0.44149319297754824