sample_id,actual,prediction,correct,confidence
0,49,49,1,0.3160221662621471
1,36,60,0,0.4246333161619945