sample_id,actual,prediction,correct,confidence
0,49,93,0,0.5072111436810407
1,31,60,0,0.5454544711712666