sample_id,actual,prediction,correct,confidence
0,49,85,0,0.02617168767393509
1,36,85,0,0.02643665207131749