sample_id,actual,prediction,correct,confidence
0,49,93,0,0.3740221794003312
1,31,60,0,0.7066698419095759