sample_id,actual,prediction,correct,confidence
0,49,85,0,0.45193147844133397
1,31,85,0,0.6202456121438136