sample_id,actual,prediction,correct,confidence
0,49,85,0,0.9999998652678389
1,31,85,0,0.999999872652331