sample_id,actual,prediction,correct,confidence
0,49,85,0,0.5616829860389969
1,36,85,0,0.538506756064307