sample_id,actual,prediction,correct,confidence
0,49,85,0,0.3645637651803143
1,36,60,0,0.3541241852551015