sample_id,actual,prediction,correct,confidence
0,49,93,0,0.3740221782782649
1,36,60,0,0.7066698397895667