sample_id,actual,prediction,correct,confidence
0,49,85,0,0.30541014128462507
1,36,85,0,0.5458589029953926