sample_id,actual,prediction,correct,confidence
0,49,93,0,0.7287621295176845
1,36,60,0,0.9818667064411076