sample_id,actual,prediction,correct,confidence
0,49,93,0,0.999999871000016
1,36,60,0,0.9999998710000166