sample_id,actual,prediction,correct,confidence
0,49,93,0,0.5072111421594074
1,36,60,0,0.5454544695349033