sample_id,actual,prediction,correct,confidence
0,49,93,0,0.38159839184036526
1,36,60,0,0.46707146521583004