sample_id,actual,prediction,correct,confidence
0,49,93,0,0.3488256083175958
1,36,60,0,0.44149319165306883