{
  "experiment_num": 168,
  "backbone": "mlp",
  "description": "ext mlp 43/200: MLP capacity sweep \u2014 hidden=(256, 128, 64) lr=0.003. The bas",
  "params": {
    "iterations": 600,
    "epochs": 60,
    "lr": 0.003,
    "hidden": [
      256,
      128,
      64
    ],
    "weight_decay": 0.0005
  },
  "metric": "rmse",
  "train_score": -0.1396045215619067,
  "val_score": -0.34374452716632237,
  "composite": -0.3539515274465431,
  "train_metrics": {
    "rmse": 0.1396045215619067,
    "mae": 0.09205961972475052,
    "r2": 0.9990912079811096
  },
  "val_metrics": {
    "rmse": 0.34374452716632237,
    "mae": 0.2735186815261841,
    "r2": 0.994763195514679
  },
  "elapsed_sec": 3.027041435241699,
  "timestamp": "2026-05-15 19:14:55",
  "task_slug": "feedback-prize-english-language-learning",
  "uses_test_set": false
}