{
  "experiment_num": 92,
  "backbone": "mlp",
  "description": "mlp iter 17/25: Very wide.",
  "params": {
    "iterations": 400,
    "epochs": 30,
    "lr": 0.001,
    "hidden": [
      512,
      256
    ]
  },
  "metric": "roc_auc",
  "train_score": 0.9993262212240315,
  "val_score": 0.9954056826798698,
  "composite": 0.9952096557526617,
  "train_metrics": {
    "accuracy": 0.99,
    "f1": 0.9898255813953488,
    "precision": 0.9855282199710564,
    "recall": 0.9941605839416059,
    "mcc": 0.9800305099057065,
    "roc_auc": 0.9993262212240315,
    "confusion": [
      [
        705,
        10
      ],
      [
        4,
        681
      ]
    ]
  },
  "val_metrics": {
    "accuracy": 0.9666666666666667,
    "f1": 0.9683544303797469,
    "precision": 0.9745222929936306,
    "recall": 0.9622641509433962,
    "mcc": 0.9332295664997392,
    "roc_auc": 0.9954056826798698,
    "confusion": [
      [
        137,
        4
      ],
      [
        6,
        153
      ]
    ]
  },
  "elapsed_sec": 2.5428624153137207,
  "timestamp": "2026-05-15 08:36:58",
  "task_slug": "tabular-playground-series-aug-2022",
  "uses_test_set": false
}