{
  "experiment_num": 93,
  "backbone": "mlp",
  "description": "mlp iter 18/25: Mid-high LR.",
  "params": {
    "iterations": 400,
    "epochs": 30,
    "lr": 0.002
  },
  "metric": "roc_auc",
  "train_score": 0.9995936909805523,
  "val_score": 0.99500423747714,
  "composite": 0.9947747648019694,
  "train_metrics": {
    "accuracy": 0.9971428571428571,
    "f1": 0.9970845481049563,
    "precision": 0.9956331877729258,
    "recall": 0.9985401459854014,
    "mcc": 0.9942875008845391,
    "roc_auc": 0.9995936909805523,
    "confusion": [
      [
        712,
        3
      ],
      [
        1,
        684
      ]
    ]
  },
  "val_metrics": {
    "accuracy": 0.9433333333333334,
    "f1": 0.9449838187702265,
    "precision": 0.9733333333333334,
    "recall": 0.9182389937106918,
    "mcc": 0.8882669888351209,
    "roc_auc": 0.99500423747714,
    "confusion": [
      [
        137,
        4
      ],
      [
        13,
        146
      ]
    ]
  },
  "elapsed_sec": 0.8370022773742676,
  "timestamp": "2026-05-15 08:36:59",
  "task_slug": "tabular-playground-series-aug-2022",
  "uses_test_set": false
}