{
  "experiment_num": 3,
  "backbone": "excel_agent",
  "description": "excel_agent iter 3/25: Constant predictor: emit ``C`` for every Modeloff question. The diagnosis report",
  "params": {
    "classifier": "const",
    "const": "C",
    "seed": 42
  },
  "metric": "exact_match_accuracy",
  "train_score": 0.3333333333333333,
  "val_score": 0.2673333333333333,
  "composite": 0.2673333333333333,
  "train_metrics": {
    "accuracy": 0.3333333333333333,
    "f1": 0.125,
    "precision": 0.08333333333333333,
    "recall": 0.25,
    "mcc": 0.0,
    "confusion": [
      [
        0,
        0,
        3,
        0
      ],
      [
        0,
        0,
        1,
        0
      ],
      [
        0,
        0,
        4,
        0
      ],
      [
        0,
        0,
        4,
        0
      ]
    ]
  },
  "val_metrics": {
    "accuracy": 0.5,
    "f1": 0.2222222222222222,
    "precision": 0.16666666666666666,
    "recall": 0.3333333333333333,
    "mcc": 0.0,
    "confusion": [
      [
        0,
        1,
        0
      ],
      [
        0,
        2,
        0
      ],
      [
        0,
        1,
        0
      ]
    ]
  },
  "elapsed_sec": 0.0029993057250976562,
  "timestamp": "2026-05-16 05:37:51",
  "task_slug": "2013-round-1-theory-and-practice",
  "uses_test_set": false
}