{
  "experiment_num": 11,
  "backbone": "excel_agent",
  "description": "excel_agent iter 11/25: sklearn DummyClassifier(strategy=most_frequent) \u2014 sanity-check that prior_only a",
  "params": {
    "classifier": "dummy_majority",
    "seed": 42
  },
  "metric": "exact_match_accuracy",
  "train_score": 0.3333333333333333,
  "val_score": 0.375,
  "composite": 0.375,
  "train_metrics": {
    "accuracy": 0.3333333333333333,
    "f1": 0.125,
    "precision": 0.08333333333333333,
    "recall": 0.25,
    "mcc": 0.0,
    "confusion": [
      [
        0,
        0,
        3,
        0
      ],
      [
        0,
        0,
        1,
        0
      ],
      [
        0,
        0,
        4,
        0
      ],
      [
        0,
        0,
        4,
        0
      ]
    ]
  },
  "val_metrics": {
    "accuracy": 0.5,
    "f1": 0.2222222222222222,
    "precision": 0.16666666666666666,
    "recall": 0.3333333333333333,
    "mcc": 0.0,
    "confusion": [
      [
        0,
        1,
        0
      ],
      [
        0,
        2,
        0
      ],
      [
        0,
        1,
        0
      ]
    ]
  },
  "elapsed_sec": 0.016572952270507812,
  "timestamp": "2026-05-15 23:42:51",
  "task_slug": "2013-round-1-theory-and-practice",
  "uses_test_set": false
}