{
  "experiment_num": 10,
  "backbone": "excel_agent",
  "description": "excel_agent iter 10/25: Baseline: predict the per-task training mode for every question. This is the str",
  "params": {
    "classifier": "prior_only",
    "seed": 42
  },
  "metric": "exact_match_accuracy",
  "train_score": 0.3333333333333333,
  "val_score": 0.2673333333333333,
  "composite": 0.2673333333333333,
  "train_metrics": {
    "accuracy": 0.3333333333333333,
    "f1": 0.125,
    "precision": 0.08333333333333333,
    "recall": 0.25,
    "mcc": 0.0,
    "confusion": [
      [
        0,
        0,
        0,
        3
      ],
      [
        0,
        0,
        0,
        1
      ],
      [
        0,
        0,
        0,
        4
      ],
      [
        0,
        0,
        0,
        4
      ]
    ]
  },
  "val_metrics": {
    "accuracy": 0.25,
    "f1": 0.13333333333333333,
    "precision": 0.08333333333333333,
    "recall": 0.3333333333333333,
    "mcc": 0.0,
    "confusion": [
      [
        0,
        0,
        1
      ],
      [
        0,
        0,
        2
      ],
      [
        0,
        0,
        1
      ]
    ]
  },
  "elapsed_sec": 0.0031061172485351562,
  "timestamp": "2026-05-16 17:31:19",
  "task_slug": "2013-round-1-theory-and-practice",
  "uses_test_set": false
}