sample_id,actual,prediction,correct,confidence
0,73,49,0,0.3160221662621471
1,64,49,0,0.3160221662621471
2,63,75,0,0.3995582569561929