sample_id,actual,prediction,correct,confidence
0,73,72,0,0.2560070924098347
1,64,76,0,0.24473120767439574
2,63,75,0,0.4990531885150821