sample_id,actual,prediction,correct,confidence
0,73,72,0,0.0244095237177232
1,64,72,0,0.023747308129331388
2,63,72,0,0.024299468706070283