sample_id,actual,prediction,correct,confidence
0,73,72,0,0.7887810722316096
1,64,72,0,0.7432048027239287
2,63,72,0,0.5529891657140561