sample_id,actual,prediction,correct,confidence
0,73,72,0,0.11411581188524912
1,64,72,0,0.10619318897295348
2,63,72,0,0.11440305101390759