sample_id,actual,prediction,correct,confidence
0,73,72,0,0.6120393069068564
1,64,72,0,0.5925771054294215
2,63,72,0,0.5925415613604677