sample_id,actual,prediction,correct,confidence
0,73,66,0,0.32836239109051063
1,64,76,0,0.3329350931702548
2,63,75,0,0.4246543403097901