sample_id,actual,prediction,correct,confidence
0,73,72,0,0.36281675675894126
1,64,72,0,0.31610747321309773
2,63,75,0,0.3995582569561929