sample_id,actual,prediction,correct,confidence
0,73,66,0,0.3762512798919744
1,64,76,0,0.3858215447671621
2,63,75,0,0.46722802964601867