sample_id,actual,prediction,correct,confidence
0,73,66,0,0.49999993900000717
1,64,76,0,0.5146832478411164
2,63,75,0,0.5454544942157122