sample_id,actual,prediction,correct,confidence
0,73,66,0,0.49391761886768254
1,64,76,0,0.44649933417505683
2,63,75,0,0.36816099047563433