sample_id,actual,prediction,correct,confidence
0,73,72,0,0.43402319965834557
1,64,72,0,0.39509879670347603
2,63,72,0,0.39502770856556807