sample_id,actual,prediction,correct,confidence
0,73,72,0,0.23690397879966307
1,64,72,0,0.1979795758447935
2,63,75,0,0.33322830258360014