sample_id,actual,prediction,correct,confidence
0,73,66,0,0.2945120501041979
1,64,76,0,0.32578210096966176
2,63,75,0,0.6648780764411978