sample_id,actual,prediction,correct,confidence
0,73,66,0,0.49391762034943526
1,64,76,0,0.4464993355145547
2,63,75,0,0.3681609915801171