sample_id,actual,prediction,correct,confidence
0,73,66,0,0.21643198182622375
1,64,76,0,0.22089584664342743
2,63,75,0,0.23049125865202816