sample_id,actual,prediction,correct,confidence
0,73,72,0,0.35502000111099147
1,64,72,0,0.2562428527438131
2,63,75,0,0.24940042349669672