sample_id,actual,prediction,correct,confidence
0,73,66,0,0.29451204922066193
1,64,76,0,0.32578209999231555
2,63,75,0,0.664878074446564