sample_id,actual,prediction,correct,confidence
0,73,66,0,0.18392120612692578
1,64,76,0,0.16351164598528795
2,63,75,0,0.3556065861141839