sample_id,actual,prediction,correct,confidence
0,73,66,0,0.5855632930797795
1,64,76,0,0.6227728355609304
2,63,75,0,0.974002924319053