sample_id,actual,prediction,correct,confidence
0,73,66,0,0.9999998750000144
1,64,76,0,0.9999998750000146
2,63,75,0,0.9999998750000144