sample_id,actual,prediction,correct,confidence
0,73,66,0,0.49999993750000743
1,64,76,0,0.5146832462970669
2,63,75,0,0.5454544925793491