sample_id,actual,prediction,correct,confidence
0,73,66,0,0.37625127876322056
1,64,76,0,0.38582154360969756
2,63,75,0,0.46722802824433474