sample_id,actual,prediction,correct,confidence
0,73,66,0,0.3283623901054237
1,64,76,0,0.3329350921714497
2,63,75,0,0.4246543390358272