{
  "experiment_num": 168,
  "backbone": "mlp",
  "description": "ext mlp 43/200: MLP capacity sweep \u2014 hidden=(256, 128, 64) lr=0.003. The bas",
  "params": {
    "iterations": 600,
    "epochs": 60,
    "lr": 0.003,
    "hidden": [
      256,
      128,
      64
    ],
    "weight_decay": 0.0005
  },
  "metric": "rmse",
  "train_score": -0.15984023131322603,
  "val_score": -0.3829660691502471,
  "composite": -0.3941223610420982,
  "train_metrics": {
    "rmse": 0.15984023131322603,
    "mae": 0.10647210478782654,
    "r2": 0.9993785619735718
  },
  "val_metrics": {
    "rmse": 0.3829660691502471,
    "mae": 0.3062266409397125,
    "r2": 0.9963136911392212
  },
  "elapsed_sec": 2.719574451446533,
  "timestamp": "2026-05-15 18:33:22",
  "task_slug": "commonlitreadabilityprize",
  "uses_test_set": false
}