sample_id,actual,prediction,correct,confidence
0,54,85,0,0.5992420436339592
1,21,85,0,0.48660641999850274