sample_id,actual,prediction,correct,confidence
0,54,93,0,0.38159839298516024
1,16,85,0,0.5334601708154555