sample_id,actual,prediction,correct,confidence
0,54,85,0,0.1469894430548503
1,21,85,0,0.13778092798008088