sample_id,actual,prediction,correct,confidence
0,54,93,0,0.3488256093640724
1,16,85,0,0.504246247036897