sample_id,actual,prediction,correct,confidence
0,54,85,0,0.5515387010036071
1,21,85,0,0.4107441714592865