sample_id,actual,prediction,correct,confidence
0,54,85,0,0.7105498431047808
1,21,85,0,0.6636183332566739