sample_id,actual,prediction,correct,confidence
0,54,49,0,0.3160221662621471
1,21,49,0,0.3160221662621471