sample_id,actual,prediction,correct,confidence
0,54,85,0,0.944069405261398
1,21,85,0,0.8106093842141971