sample_id,actual,prediction,correct,confidence
0,54,93,0,0.5072111436810405
1,16,85,0,0.5454544711712663