sample_id,actual,prediction,correct,confidence
0,54,85,0,0.02676803239830532
1,21,85,0,0.02609499421465533