sample_id,actual,prediction,correct,confidence
0,54,85,0,0.9999998684527086
1,21,85,0,0.9999998616681877