sample_id,actual,prediction,correct,confidence
0,54,85,0,0.4720331313691195
1,16,89,0,0.46236209218843627