sample_id,actual,prediction,correct,confidence
0,54,85,0,0.489431316829751
1,16,85,0,0.4840381824425085