sample_id,actual,prediction,correct,confidence
0,54,85,0,0.4339250511955113
1,21,85,0,0.34006203149929753