sample_id,actual,prediction,correct,confidence
0,54,85,0,0.631044272054194
1,21,85,0,0.5371812523579802