sample_id,actual,prediction,correct,confidence
0,54,85,0,0.9999998714527081
1,16,85,0,0.9999998646681871