sample_id,actual,prediction,correct,confidence
0,54,85,0,0.4720331299530204
1,21,89,0,0.46236209080135016