sample_id,actual,prediction,correct,confidence
0,54,85,0,0.3589813388216501
1,21,85,0,0.35127686114870293