sample_id,actual,prediction,correct,confidence
0,54,93,0,0.999999871000016
1,21,85,0,0.999999871000016