sample_id,actual,prediction,correct,confidence
0,54,93,0,0.5072111421594071
1,21,85,0,0.5454544695349031