sample_id,actual,prediction,correct,confidence
0,54,93,0,0.38159839184036526
1,21,85,0,0.5334601692150751