sample_id,actual,prediction,correct,confidence
0,54,93,0,0.3488256083175958
1,21,85,0,0.5042462455241584