{
  "experiment_num": 168,
  "backbone": "mlp",
  "description": "ext mlp 43/200: MLP capacity sweep \u2014 hidden=(256, 128, 64) lr=0.003. The bas",
  "params": {
    "iterations": 600,
    "epochs": 60,
    "lr": 0.003,
    "hidden": [
      256,
      128,
      64
    ],
    "weight_decay": 0.0005
  },
  "metric": "rmse",
  "train_score": -0.15702417628169846,
  "val_score": -0.3710357419904092,
  "composite": -0.3817363202758447,
  "train_metrics": {
    "rmse": 0.15702417628169846,
    "mae": 0.09929226338863373,
    "r2": 0.9990544319152832
  },
  "val_metrics": {
    "rmse": 0.3710357419904092,
    "mae": 0.29794424772262573,
    "r2": 0.9939404129981995
  },
  "elapsed_sec": 2.5659232139587402,
  "timestamp": "2026-05-15 19:08:00",
  "task_slug": "demand-forecasting-kernels-only",
  "uses_test_set": false
}