{
  "experiment_num": 92,
  "backbone": "mlp",
  "description": "mlp iter 17/25: Very wide.",
  "params": {
    "iterations": 400,
    "epochs": 30,
    "lr": 0.001,
    "hidden": [
      512,
      256
    ]
  },
  "metric": "roc_auc",
  "train_score": 0.9999079827989179,
  "val_score": 0.9975370561103398,
  "composite": 0.997418509775911,
  "train_metrics": {
    "accuracy": 0.9971428571428571,
    "f1": 0.9972640218878249,
    "precision": 0.9972640218878249,
    "recall": 0.9972640218878249,
    "mcc": 0.9942744852660013,
    "roc_auc": 0.9999079827989179,
    "confusion": [
      [
        667,
        2
      ],
      [
        2,
        729
      ]
    ]
  },
  "val_metrics": {
    "accuracy": 0.9666666666666667,
    "f1": 0.9642857142857143,
    "precision": 0.9440559440559441,
    "recall": 0.9854014598540146,
    "mcc": 0.9338160452452209,
    "roc_auc": 0.9975370561103398,
    "confusion": [
      [
        155,
        8
      ],
      [
        2,
        135
      ]
    ]
  },
  "elapsed_sec": 2.9948415756225586,
  "timestamp": "2026-05-15 06:45:46",
  "task_slug": "playground-series-s3e3",
  "uses_test_set": false
}