{
  "task": "playground-series-s3e3",
  "name": "playground-series-s3e3",
  "problem_type": "classification_binary",
  "metric": "roc_auc",
  "champion_backbone": "mlp",
  "champion_composite": 0.997418509775911,
  "champion_val": 0.9975370561103398,
  "champion_train": 0.9999079827989179,
  "test_score": 0.9982221432063647,
  "test_metrics": {
    "accuracy": 0.9766666666666667,
    "f1": 0.976271186440678,
    "precision": 1.0,
    "recall": 0.9536423841059603,
    "mcc": 0.9543850054696523,
    "roc_auc": 0.9982221432063647,
    "confusion": [
      [
        149,
        0
      ],
      [
        7,
        144
      ]
    ]
  },
  "dsbench_baseline": 0.5,
  "delta_vs_dsbench": 0.4982221432063647,
  "beats_dsbench": true,
  "timestamp": "2026-05-16 17:34:16"
}