{
  "experiment_num": 99,
  "backbone": "mlp",
  "description": "mlp iter 24/25: Slightly above default.",
  "params": {
    "iterations": 400,
    "epochs": 30,
    "lr": 0.0015
  },
  "metric": "macro_f1",
  "train_score": 0.991574371430307,
  "val_score": 0.9181398311833094,
  "composite": 0.9144681041709596,
  "train_metrics": {
    "accuracy": 0.9914285714285714,
    "f1": 0.991574371430307,
    "precision": 0.9913506430397191,
    "recall": 0.991815699495826,
    "mcc": 0.9885472573127827,
    "roc_auc": 0.999819678916364,
    "confusion": [
      [
        340,
        2,
        1,
        0
      ],
      [
        2,
        398,
        1,
        3
      ],
      [
        1,
        0,
        330,
        1
      ],
      [
        0,
        1,
        0,
        320
      ]
    ]
  },
  "val_metrics": {
    "accuracy": 0.92,
    "f1": 0.9181398311833094,
    "precision": 0.9197394411351038,
    "recall": 0.9198570343148657,
    "mcc": 0.8940895560907872,
    "roc_auc": 0.9913549129887455,
    "confusion": [
      [
        60,
        5,
        5,
        4
      ],
      [
        0,
        80,
        2,
        1
      ],
      [
        2,
        0,
        72,
        3
      ],
      [
        2,
        0,
        0,
        64
      ]
    ]
  },
  "elapsed_sec": 0.9725651741027832,
  "timestamp": "2026-05-15 04:56:19",
  "task_slug": "liverpool-ion-switching",
  "uses_test_set": false
}