{
  "experiment_num": 3,
  "backbone": "excel_agent",
  "description": "excel_agent iter 3/25: Constant predictor: emit ``C`` for every Modeloff question. The diagnosis report",
  "params": {
    "classifier": "const",
    "const": "C",
    "seed": 42
  },
  "metric": "exact_match_accuracy",
  "train_score": 0.16666666666666666,
  "val_score": 0.21733333333333335,
  "composite": 0.21733333333333335,
  "train_metrics": {
    "accuracy": 0.16666666666666666,
    "f1": 0.05714285714285714,
    "precision": 0.03333333333333333,
    "recall": 0.2,
    "mcc": 0.0,
    "confusion": [
      [
        0,
        0,
        1,
        0,
        0
      ],
      [
        0,
        0,
        1,
        0,
        0
      ],
      [
        0,
        0,
        1,
        0,
        0
      ],
      [
        0,
        0,
        2,
        0,
        0
      ],
      [
        0,
        0,
        1,
        0,
        0
      ]
    ]
  },
  "val_metrics": {
    "accuracy": 0.5,
    "f1": 0.3333333333333333,
    "precision": 0.25,
    "recall": 0.5,
    "mcc": 0.0,
    "confusion": [
      [
        1,
        0
      ],
      [
        1,
        0
      ]
    ]
  },
  "elapsed_sec": 0.0029976367950439453,
  "timestamp": "2026-05-16 05:38:28",
  "task_slug": "2015-round-one-options-to-call",
  "uses_test_set": false
}