sample_id,actual,prediction,correct,confidence
0,55,60,0,0.6264799430469483
1,85,60,0,0.5395235094698649