sample_id,actual,prediction,correct,confidence
0,55,60,0,0.721898967860193
1,85,60,0,0.6856671205364083