sample_id,actual,prediction,correct,confidence
0,55,49,0,0.38180197800978327
1,85,49,0,0.5691600883850706