sample_id,actual,prediction,correct,confidence
0,55,60,0,0.5855860752698435
1,85,60,0,0.4768905332984893