sample_id,actual,prediction,correct,confidence
0,55,60,0,0.026970667525017433
1,85,60,0,0.026631256999737212