sample_id,actual,prediction,correct,confidence
0,55,60,0,0.15008706288383097
1,85,60,0,0.1456003503375755