sample_id,actual,prediction,correct,confidence
0,55,60,0,0.38159839298516013
1,85,60,0,0.5443849388984618