sample_id,actual,prediction,correct,confidence
0,55,60,0,0.9592842054558174
1,85,60,0,0.8589990986652837