sample_id,actual,prediction,correct,confidence
0,55,60,0,0.6537425215650183
1,85,60,0,0.5812788269174488