sample_id,actual,prediction,correct,confidence
0,55,60,0,0.33231457282003746
1,85,60,0,0.3445198173854825