sample_id,actual,prediction,correct,confidence
0,55,60,0,0.4848164353881875
1,85,60,0,0.53065169324259