sample_id,actual,prediction,correct,confidence
0,55,60,0,0.9999998712442817
1,85,60,0,0.99999986508508