sample_id,actual,prediction,correct,confidence
0,55,60,0,0.5174296305269573
1,85,49,0,0.4218965391372285