sample_id,actual,prediction,correct,confidence
0,55,60,0,0.4566233007063354
1,85,49,0,0.4088567551547706