sample_id,actual,prediction,correct,confidence
0,55,60,0,0.3523886510677658
1,85,60,0,0.4178675906633327