sample_id,actual,prediction,correct,confidence
0,55,60,0,0.8587975356180976
1,85,60,0,0.5317411253236158