sample_id,actual,prediction,correct,confidence
0,55,60,0,0.5072111421594073
1,85,60,0,0.5454544695349034