sample_id,actual,prediction,correct,confidence
0,55,60,0,0.3815983918403651
1,85,60,0,0.5443849372653071