sample_id,actual,prediction,correct,confidence
0,55,60,0,0.4347085155725897
1,85,60,0,0.5145727395914796