{
  "experiment_num": 12,
  "backbone": "excel_agent",
  "description": "excel_agent iter 12/25: Per-task pool mode with the global letter prior as a deterministic tiebreaker (`",
  "params": {
    "classifier": "smart_pool_mode",
    "seed": 42
  },
  "metric": "exact_match_accuracy",
  "train_score": 0.14285714285714285,
  "val_score": 0.16177777777777777,
  "composite": 0.16177777777777777,
  "train_metrics": {
    "accuracy": 0.14285714285714285,
    "f1": 0.03571428571428571,
    "precision": 0.02040816326530612,
    "recall": 0.14285714285714285,
    "mcc": 0.0,
    "confusion": [
      [
        0,
        0,
        1,
        0,
        0,
        0,
        0
      ],
      [
        0,
        0,
        1,
        0,
        0,
        0,
        0
      ],
      [
        0,
        0,
        1,
        0,
        0,
        0,
        0
      ],
      [
        0,
        0,
        1,
        0,
        0,
        0,
        0
      ],
      [
        0,
        0,
        1,
        0,
        0,
        0,
        0
      ],
      [
        0,
        0,
        1,
        0,
        0,
        0,
        0
      ],
      [
        0,
        0,
        1,
        0,
        0,
        0,
        0
      ]
    ]
  },
  "val_metrics": {
    "accuracy": 0.0,
    "f1": 0.0,
    "precision": 0.0,
    "recall": 0.0,
    "mcc": 0.0,
    "confusion": [
      [
        0,
        1,
        0
      ],
      [
        0,
        0,
        0
      ],
      [
        0,
        1,
        0
      ]
    ]
  },
  "elapsed_sec": 0.0030891895294189453,
  "timestamp": "2026-05-16 17:33:02",
  "task_slug": "2017-round-2-late-again",
  "uses_test_set": false
}