{
  "experiment_num": 1,
  "backbone": "excel_agent",
  "description": "excel_agent iter 1/25: Baseline: predict the per-task training mode for every Modeloff question. This i",
  "params": {
    "classifier": "prior_only",
    "seed": 42
  },
  "metric": "exact_match_accuracy",
  "train_score": 0.16666666666666666,
  "val_score": 0.125,
  "composite": 0.125,
  "train_metrics": {
    "accuracy": 0.16666666666666666,
    "f1": 0.047619047619047616,
    "precision": 0.027777777777777776,
    "recall": 0.16666666666666666,
    "mcc": 0.0,
    "confusion": [
      [
        0,
        0,
        0,
        1,
        0,
        0
      ],
      [
        0,
        0,
        0,
        1,
        0,
        0
      ],
      [
        0,
        0,
        0,
        1,
        0,
        0
      ],
      [
        0,
        0,
        0,
        1,
        0,
        0
      ],
      [
        0,
        0,
        0,
        1,
        0,
        0
      ],
      [
        0,
        0,
        0,
        1,
        0,
        0
      ]
    ]
  },
  "val_metrics": {
    "accuracy": 0.5,
    "f1": 0.3333333333333333,
    "precision": 0.25,
    "recall": 0.5,
    "mcc": 0.0,
    "confusion": [
      [
        0,
        1
      ],
      [
        0,
        1
      ]
    ]
  },
  "elapsed_sec": 0.003028392791748047,
  "timestamp": "2026-05-15 23:49:41",
  "task_slug": "2016-round-2-section-4-maximize-the-benefit",
  "uses_test_set": false
}