{
  "experiment_num": 11,
  "backbone": "excel_agent",
  "description": "excel_agent iter 11/25: Predict the GLOBAL training mode (canonicalised, currently ``A``) for every ques",
  "params": {
    "classifier": "global_prior",
    "seed": 42
  },
  "metric": "exact_match_accuracy",
  "train_score": 0.16666666666666666,
  "val_score": 0.17533333333333334,
  "composite": 0.17533333333333334,
  "train_metrics": {
    "accuracy": 0.16666666666666666,
    "f1": 0.047619047619047616,
    "precision": 0.027777777777777776,
    "recall": 0.16666666666666666,
    "mcc": 0.0,
    "confusion": [
      [
        0,
        1,
        0,
        0,
        0,
        0
      ],
      [
        0,
        1,
        0,
        0,
        0,
        0
      ],
      [
        0,
        1,
        0,
        0,
        0,
        0
      ],
      [
        0,
        1,
        0,
        0,
        0,
        0
      ],
      [
        0,
        1,
        0,
        0,
        0,
        0
      ],
      [
        0,
        1,
        0,
        0,
        0,
        0
      ]
    ]
  },
  "val_metrics": {
    "accuracy": 0.0,
    "f1": 0.0,
    "precision": 0.0,
    "recall": 0.0,
    "mcc": 0.0,
    "confusion": [
      [
        0,
        1,
        0
      ],
      [
        0,
        0,
        0
      ],
      [
        0,
        1,
        0
      ]
    ]
  },
  "elapsed_sec": 0.0020067691802978516,
  "timestamp": "2026-05-16 17:32:25",
  "task_slug": "2016-round-2-section-4-maximize-the-benefit",
  "uses_test_set": false
}