{
  "experiment_num": 76,
  "backbone": "mlp",
  "description": "mlp iter 1/25: Baseline mlp per sota_catalog defaults \u2014 anchor for hill climb.",
  "params": {
    "iterations": 400,
    "epochs": 30,
    "lr": 0.001,
    "seed": 42
  },
  "metric": "roc_auc",
  "train_score": 0.9995160065022586,
  "val_score": 0.9980444444444444,
  "composite": 0.9979708663415537,
  "train_metrics": {
    "accuracy": 0.9935714285714285,
    "f1": 0.9934162399414777,
    "precision": 0.9912408759124087,
    "recall": 0.9956011730205279,
    "mcc": 0.9871448443454494,
    "roc_auc": 0.9995160065022586,
    "confusion": [
      [
        712,
        6
      ],
      [
        3,
        679
      ]
    ]
  },
  "val_metrics": {
    "accuracy": 0.9766666666666667,
    "f1": 0.9767441860465116,
    "precision": 0.9735099337748344,
    "recall": 0.98,
    "mcc": 0.9533545192247175,
    "roc_auc": 0.9980444444444444,
    "confusion": [
      [
        146,
        4
      ],
      [
        3,
        147
      ]
    ]
  },
  "elapsed_sec": 1.052562952041626,
  "timestamp": "2026-05-15 07:37:49",
  "task_slug": "playground-series-s4e4",
  "uses_test_set": false
}