sample_id,actual,prediction,correct,confidence
0,55,49,0,0.6474940545844385
1,55,49,0,0.5379841055332085
2,49,49,1,0.44571761145881694