sample_id,actual,prediction,correct,confidence
0,55,49,0,0.7499999040000122
1,55,55,1,0.535837022388634
2,49,55,0,0.5072375553797654