sample_id,actual,prediction,correct,confidence
0,55,49,0,0.02749097840349207
1,55,49,0,0.026657082941032962
2,49,49,1,0.025892777762913353