sample_id,actual,prediction,correct,confidence
0,55,49,0,0.15874063943445532
1,55,49,0,0.14597751461011957
2,49,49,1,0.13532117663689233