sample_id,actual,prediction,correct,confidence
0,55,49,0,0.5739172710533518
1,55,55,1,0.536660882611445
2,49,55,0,0.5846407842670073