sample_id,actual,prediction,correct,confidence
0,55,49,0,0.6118537146917062
1,55,49,0,0.4749662783776687
2,49,55,0,0.45225846243995144