sample_id,actual,prediction,correct,confidence
0,55,49,0,0.7306548476674806
1,55,49,0,0.6850257022294681
2,49,49,1,0.6465813296984716