sample_id,actual,prediction,correct,confidence
0,55,49,0,0.5643775225274592
1,55,55,1,0.5261820057915603
2,49,55,0,0.5399859225334247