sample_id,actual,prediction,correct,confidence
0,55,49,0,0.9409039959444201
1,55,49,0,0.848839243557241
2,49,49,1,0.7174760230592245