sample_id,actual,prediction,correct,confidence
0,55,49,0,0.5959421974122328
1,55,49,0,0.4921743697526759
2,49,49,1,0.4030667116118414