sample_id,actual,prediction,correct,confidence
0,55,49,0,0.42790514588822504
1,55,49,0,0.33989100547844847
2,49,49,1,0.25762620521526625