sample_id,actual,prediction,correct,confidence
0,55,49,0,0.9649038517114045
1,55,55,1,0.7531774167586641
2,49,55,0,0.9949163283792899