sample_id,actual,prediction,correct,confidence
0,55,49,0,0.5524531498611783
1,55,55,1,0.45433321316023884
2,49,55,0,0.6024851081538448