sample_id,actual,prediction,correct,confidence
0,55,49,0,0.6712542811795934
1,55,49,0,0.5799959903035684
2,49,49,1,0.5031072452415755