sample_id,actual,prediction,correct,confidence
0,55,49,0,0.5524531482038191
1,55,55,1,0.45433321179723934
2,49,55,0,0.6024851063463897