sample_id,actual,prediction,correct,confidence
0,55,49,0,0.5111397391972916
1,55,55,1,0.42916414732618624
2,49,55,0,0.5434828911176555