sample_id,actual,prediction,correct,confidence
0,55,49,0,0.6653307484278742
1,55,55,1,0.5248937580229593
2,49,55,0,0.7475026123874775