sample_id,actual,prediction,correct,confidence
0,55,49,0,0.999999869000017
1,55,49,0,0.999999869000017
2,49,55,0,0.9999998690000172