sample_id,actual,prediction,correct,confidence
0,55,49,0,0.7499999017500127
1,55,55,1,0.5358370207811232
2,49,55,0,0.5072375538580529