sample_id,actual,prediction,correct,confidence
0,55,49,0,0.5643775208343268
1,55,55,1,0.5261820042130145
2,49,55,0,0.5399859209134671