sample_id,actual,prediction,correct,confidence
0,55,49,0,0.5739172693316001
1,55,55,1,0.5366608810014625
2,49,55,0,0.5846407825130852