{
  "task": "playground-series-s3e19",
  "name": "playground-series-s3e19",
  "problem_type": "classification_binary",
  "metric": "roc_auc",
  "champion_backbone": "mlp",
  "champion_composite": 0.9917013491978024,
  "champion_val": 0.9920857231781601,
  "champion_train": 0.999773202785315,
  "test_score": 0.9905316500711238,
  "test_metrics": {
    "accuracy": 0.9366666666666666,
    "f1": 0.9377049180327869,
    "precision": 0.934640522875817,
    "recall": 0.9407894736842105,
    "mcc": 0.8733189642042968,
    "roc_auc": 0.9905316500711238,
    "confusion": [
      [
        138,
        10
      ],
      [
        9,
        143
      ]
    ]
  },
  "dsbench_baseline": 0.5,
  "delta_vs_dsbench": 0.49053165007112376,
  "beats_dsbench": true,
  "timestamp": "2026-05-16 00:11:18"
}