{
  "experiment_num": 91,
  "backbone": "mlp",
  "description": "mlp iter 16/25: Mid-small hidden.",
  "params": {
    "iterations": 400,
    "epochs": 30,
    "lr": 0.001,
    "hidden": [
      96,
      48
    ]
  },
  "metric": "roc_auc",
  "train_score": 0.9996669554414985,
  "val_score": 0.9907518562980748,
  "composite": 0.9903061013409037,
  "train_metrics": {
    "accuracy": 0.9942857142857143,
    "f1": 0.9940915805022157,
    "precision": 0.9926253687315634,
    "recall": 0.9955621301775148,
    "mcc": 0.9885631440880965,
    "roc_auc": 0.9996669554414985,
    "confusion": [
      [
        719,
        5
      ],
      [
        3,
        673
      ]
    ]
  },
  "val_metrics": {
    "accuracy": 0.9433333333333334,
    "f1": 0.9442622950819672,
    "precision": 0.9473684210526315,
    "recall": 0.9411764705882353,
    "mcc": 0.8866561505849366,
    "roc_auc": 0.9907518562980748,
    "confusion": [
      [
        139,
        8
      ],
      [
        9,
        144
      ]
    ]
  },
  "elapsed_sec": 0.6877241134643555,
  "timestamp": "2026-05-15 06:08:42",
  "task_slug": "playground-series-s3e19",
  "uses_test_set": false
}