{
  "experiment_num": 2,
  "backbone": "excel_agent",
  "description": "excel_agent iter 2/25: Alternative baseline: predict the GLOBAL training mode pooled across all 38 Mode",
  "params": {
    "classifier": "global_prior",
    "seed": 42
  },
  "metric": "exact_match_accuracy",
  "train_score": 0.16666666666666666,
  "val_score": 0.2857142857142857,
  "composite": 0.2857142857142857,
  "train_metrics": {
    "accuracy": 0.16666666666666666,
    "f1": 0.07142857142857142,
    "precision": 0.041666666666666664,
    "recall": 0.25,
    "mcc": 0.0,
    "confusion": [
      [
        1,
        0,
        0,
        0
      ],
      [
        2,
        0,
        0,
        0
      ],
      [
        2,
        0,
        0,
        0
      ],
      [
        1,
        0,
        0,
        0
      ]
    ]
  },
  "val_metrics": {
    "accuracy": 1.0,
    "f1": 1.0,
    "precision": 1.0,
    "recall": 1.0,
    "mcc": 0.0,
    "confusion": [
      [
        1
      ]
    ]
  },
  "elapsed_sec": 0.004006862640380859,
  "timestamp": "2026-05-15 23:44:52",
  "task_slug": "2014-round-2-purple-city",
  "uses_test_set": false
}