{
  "experiment_num": 11,
  "backbone": "excel_agent",
  "description": "excel_agent iter 11/25: Predict the GLOBAL training mode (canonicalised, currently ``A``) for every ques",
  "params": {
    "classifier": "global_prior",
    "seed": 42
  },
  "metric": "exact_match_accuracy",
  "train_score": 0.16666666666666666,
  "val_score": 0.23961904761904762,
  "composite": 0.23961904761904762,
  "train_metrics": {
    "accuracy": 0.16666666666666666,
    "f1": 0.07142857142857142,
    "precision": 0.041666666666666664,
    "recall": 0.25,
    "mcc": 0.0,
    "confusion": [
      [
        1,
        0,
        0,
        0
      ],
      [
        2,
        0,
        0,
        0
      ],
      [
        2,
        0,
        0,
        0
      ],
      [
        1,
        0,
        0,
        0
      ]
    ]
  },
  "val_metrics": {
    "accuracy": 1.0,
    "f1": 1.0,
    "precision": 1.0,
    "recall": 1.0,
    "mcc": 0.0,
    "confusion": [
      [
        1
      ]
    ]
  },
  "elapsed_sec": 0.0020041465759277344,
  "timestamp": "2026-05-16 17:31:39",
  "task_slug": "2014-round-2-purple-city",
  "uses_test_set": false
}