{
  "experiment_num": 91,
  "backbone": "mlp",
  "description": "mlp iter 16/25: Mid-small hidden.",
  "params": {
    "iterations": 400,
    "epochs": 30,
    "lr": 0.001,
    "hidden": [
      96,
      48
    ]
  },
  "metric": "roc_auc",
  "train_score": 0.9995607502793833,
  "val_score": 0.9935371724014976,
  "composite": 0.9932359935076034,
  "train_metrics": {
    "accuracy": 0.9971428571428571,
    "f1": 0.997229916897507,
    "precision": 0.9986130374479889,
    "recall": 0.995850622406639,
    "mcc": 0.9942841423984241,
    "roc_auc": 0.9995607502793833,
    "confusion": [
      [
        676,
        1
      ],
      [
        3,
        720
      ]
    ]
  },
  "val_metrics": {
    "accuracy": 0.9533333333333334,
    "f1": 0.9559748427672956,
    "precision": 0.95,
    "recall": 0.9620253164556962,
    "mcc": 0.9064147805361226,
    "roc_auc": 0.9935371724014976,
    "confusion": [
      [
        134,
        8
      ],
      [
        6,
        152
      ]
    ]
  },
  "elapsed_sec": 0.651726245880127,
  "timestamp": "2026-05-15 06:13:59",
  "task_slug": "playground-series-s3e2",
  "uses_test_set": false
}