{
  "experiment_num": 100,
  "backbone": "mlp",
  "description": "mlp iter 25/25: Final variance seed (6th).",
  "params": {
    "iterations": 400,
    "epochs": 30,
    "lr": 0.001,
    "seed": 7
  },
  "metric": "roc_auc",
  "train_score": 0.9999224450227052,
  "val_score": 0.9938655761024182,
  "composite": 0.9935627326564038,
  "train_metrics": {
    "accuracy": 0.9971428571428571,
    "f1": 0.9971590909090909,
    "precision": 0.9985775248933144,
    "recall": 0.9957446808510638,
    "mcc": 0.9942895979348987,
    "roc_auc": 0.9999224450227052,
    "confusion": [
      [
        694,
        1
      ],
      [
        3,
        702
      ]
    ]
  },
  "val_metrics": {
    "accuracy": 0.95,
    "f1": 0.9494949494949495,
    "precision": 0.9463087248322147,
    "recall": 0.9527027027027027,
    "mcc": 0.9000111143462854,
    "roc_auc": 0.9938655761024182,
    "confusion": [
      [
        144,
        8
      ],
      [
        7,
        141
      ]
    ]
  },
  "elapsed_sec": 0.9246938228607178,
  "timestamp": "2026-05-15 07:07:08",
  "task_slug": "playground-series-s3e7",
  "uses_test_set": false
}