{
  "experiment_num": 89,
  "backbone": "mlp",
  "description": "mlp iter 14/25: Seed variance run #4.",
  "params": {
    "iterations": 400,
    "epochs": 30,
    "lr": 0.001,
    "seed": 2024
  },
  "metric": "roc_auc",
  "train_score": 0.9997714169090259,
  "val_score": 0.9937322190611665,
  "composite": 0.9934302591687735,
  "train_metrics": {
    "accuracy": 0.9957142857142857,
    "f1": 0.9957264957264957,
    "precision": 1.0,
    "recall": 0.9914893617021276,
    "mcc": 0.9914650799831191,
    "roc_auc": 0.9997714169090259,
    "confusion": [
      [
        695,
        0
      ],
      [
        6,
        699
      ]
    ]
  },
  "val_metrics": {
    "accuracy": 0.9633333333333334,
    "f1": 0.9627118644067797,
    "precision": 0.9659863945578231,
    "recall": 0.9594594594594594,
    "mcc": 0.9266677097268562,
    "roc_auc": 0.9937322190611665,
    "confusion": [
      [
        147,
        5
      ],
      [
        6,
        142
      ]
    ]
  },
  "elapsed_sec": 1.0320184230804443,
  "timestamp": "2026-05-15 07:06:44",
  "task_slug": "playground-series-s3e7",
  "uses_test_set": false
}