{
  "experiment_num": 92,
  "backbone": "mlp",
  "description": "mlp iter 17/25: Very wide.",
  "params": {
    "iterations": 400,
    "epochs": 30,
    "lr": 0.001,
    "hidden": [
      512,
      256
    ]
  },
  "metric": "roc_auc",
  "train_score": 0.9996856058518141,
  "val_score": 0.9967554113516156,
  "composite": 0.9966089016266056,
  "train_metrics": {
    "accuracy": 0.9957142857142857,
    "f1": 0.9956268221574344,
    "precision": 0.997080291970803,
    "recall": 0.9941775836972343,
    "mcc": 0.991429208872674,
    "roc_auc": 0.9996856058518141,
    "confusion": [
      [
        711,
        2
      ],
      [
        4,
        683
      ]
    ]
  },
  "val_metrics": {
    "accuracy": 0.96,
    "f1": 0.9594594594594594,
    "precision": 0.9793103448275862,
    "recall": 0.9403973509933775,
    "mcc": 0.9207543446487957,
    "roc_auc": 0.9967554113516156,
    "confusion": [
      [
        146,
        3
      ],
      [
        9,
        142
      ]
    ]
  },
  "elapsed_sec": 2.8067641258239746,
  "timestamp": "2026-05-15 09:19:03",
  "task_slug": "tabular-playground-series-mar-2022",
  "uses_test_set": false
}