{
  "experiment_num": 89,
  "backbone": "mlp",
  "description": "mlp iter 14/25: Seed variance run #4.",
  "params": {
    "iterations": 400,
    "epochs": 30,
    "lr": 0.001,
    "seed": 2024
  },
  "metric": "roc_auc",
  "train_score": 0.9994753292462094,
  "val_score": 0.996577625672252,
  "composite": 0.9964327404935542,
  "train_metrics": {
    "accuracy": 0.9942857142857143,
    "f1": 0.9941775836972343,
    "precision": 0.9941775836972343,
    "recall": 0.9941775836972343,
    "mcc": 0.9885674855205162,
    "roc_auc": 0.9994753292462094,
    "confusion": [
      [
        709,
        4
      ],
      [
        4,
        683
      ]
    ]
  },
  "val_metrics": {
    "accuracy": 0.9733333333333334,
    "f1": 0.9733333333333334,
    "precision": 0.9798657718120806,
    "recall": 0.9668874172185431,
    "mcc": 0.9467531890306236,
    "roc_auc": 0.996577625672252,
    "confusion": [
      [
        146,
        3
      ],
      [
        5,
        146
      ]
    ]
  },
  "elapsed_sec": 0.9475767612457275,
  "timestamp": "2026-05-15 09:18:56",
  "task_slug": "tabular-playground-series-mar-2022",
  "uses_test_set": false
}