sample_id,actual,prediction,correct,confidence
0,49,85,0,0.9797041838548053
1,54,85,0,0.7068377296054962