sample_id,actual,prediction,correct,confidence
0,49,85,0,0.028427831550076568
1,54,85,0,0.026579106273642145