sample_id,actual,prediction,correct,confidence
0,49,85,0,0.7634748752587542
1,54,49,0,0.5254718165443205