sample_id,actual,prediction,correct,confidence
0,49,85,0,0.17539201459183326
1,54,85,0,0.1464910614289848