sample_id,actual,prediction,correct,confidence
0,49,85,0,0.9998578751663706
1,54,85,0,0.970034745732838