sample_id,actual,prediction,correct,confidence
0,49,85,0,0.7687909830380769
1,54,85,0,0.49593529329711883