sample_id,actual,prediction,correct,confidence
0,49,85,0,0.7811952345231631
1,54,85,0,0.6675053637977639