sample_id,actual,prediction,correct,confidence
0,49,85,0,0.6091213203405087
1,54,85,0,0.5773257940398947