sample_id,actual,prediction,correct,confidence
0,49,85,0,0.5723975883329453
1,54,85,0,0.610773641875326