sample_id,actual,prediction,correct,confidence
0,49,85,0,0.7608167139999277
1,54,85,0,0.545454470080358