sample_id,actual,prediction,correct,confidence
0,49,85,0,0.7723350548909587
1,54,85,0,0.5449553134401602