sample_id,actual,prediction,correct,confidence
0,49,85,0,0.7546146978903936
1,54,49,0,0.7001029139191904