sample_id,actual,prediction,correct,confidence
0,49,85,0,0.575215834032276
1,54,49,0,0.5479599421284421