sample_id,actual,prediction,correct,confidence
0,49,85,0,0.6401737895111501
1,54,85,0,0.4892950738178047