sample_id,actual,prediction,correct,confidence
0,49,85,0,0.4315241377663145
1,54,85,0,0.364061399006886