sample_id,actual,prediction,correct,confidence
0,49,85,0,0.9998578781659438
1,54,85,0,0.9700347486429417