sample_id,actual,prediction,correct,confidence
0,49,85,0,0.7546146956265498
1,54,49,0,0.700102911818882