sample_id,actual,prediction,correct,confidence
0,49,85,0,0.5743277277204671
1,54,49,0,0.6232863196577287