sample_id,actual,prediction,correct,confidence
0,49,85,0,0.9999998690000164
1,54,85,0,0.9999998690000164