sample_id,actual,prediction,correct,confidence
0,49,85,0,0.760816711717478
1,54,85,0,0.5454544684439948