sample_id,actual,prediction,correct,confidence
0,49,85,0,0.5723975866157528
1,54,85,0,0.6107736400430054