sample_id,actual,prediction,correct,confidence
0,49,85,0,0.6091213185131451
1,54,85,0,0.5773257923079177