{
  "experiment_num": 1,
  "backbone": "excel_agent",
  "description": "excel_agent iter 1/25: Constant predictor: emit ``A`` for every Modeloff question. The diagnosis report",
  "params": {
    "classifier": "const",
    "const": "A",
    "seed": 42
  },
  "metric": "exact_match_accuracy",
  "train_score": 0.3333333333333333,
  "val_score": 0.35444444444444445,
  "composite": 0.35444444444444445,
  "train_metrics": {
    "accuracy": 0.3333333333333333,
    "f1": 0.16666666666666666,
    "precision": 0.1111111111111111,
    "recall": 0.3333333333333333,
    "mcc": 0.0,
    "confusion": [
      [
        1,
        0,
        0
      ],
      [
        1,
        0,
        0
      ],
      [
        1,
        0,
        0
      ]
    ]
  },
  "val_metrics": {
    "accuracy": 1.0,
    "f1": 1.0,
    "precision": 1.0,
    "recall": 1.0,
    "mcc": 0.0,
    "confusion": [
      [
        1
      ]
    ]
  },
  "elapsed_sec": 0.00298309326171875,
  "timestamp": "2026-05-16 17:31:08",
  "task_slug": "2012-round-2-asset-schedule",
  "uses_test_set": false
}