{
  "experiment_num": 10,
  "backbone": "excel_agent",
  "description": "excel_agent iter 10/25: Baseline: predict the per-task training mode for every question. This is the str",
  "params": {
    "classifier": "prior_only",
    "seed": 42
  },
  "metric": "exact_match_accuracy",
  "train_score": 0.3333333333333333,
  "val_score": 0.35444444444444445,
  "composite": 0.35444444444444445,
  "train_metrics": {
    "accuracy": 0.3333333333333333,
    "f1": 0.16666666666666666,
    "precision": 0.1111111111111111,
    "recall": 0.3333333333333333,
    "mcc": 0.0,
    "confusion": [
      [
        0,
        1,
        0
      ],
      [
        0,
        1,
        0
      ],
      [
        0,
        1,
        0
      ]
    ]
  },
  "val_metrics": {
    "accuracy": 0.0,
    "f1": 0.0,
    "precision": 0.0,
    "recall": 0.0,
    "mcc": 0.0,
    "confusion": [
      [
        0,
        1
      ],
      [
        0,
        0
      ]
    ]
  },
  "elapsed_sec": 0.003007650375366211,
  "timestamp": "2026-05-16 17:31:08",
  "task_slug": "2012-round-2-asset-schedule",
  "uses_test_set": false
}