{
  "experiment_num": 83,
  "backbone": "mlp",
  "description": "mlp iter 8/25: Seed variance run #3.",
  "params": {
    "iterations": 400,
    "epochs": 30,
    "lr": 0.001,
    "seed": 99
  },
  "metric": "roc_auc",
  "train_score": 0.9999080724634128,
  "val_score": 0.9967554113516156,
  "composite": 0.9965977782960257,
  "train_metrics": {
    "accuracy": 0.9971428571428571,
    "f1": 0.9972260748959778,
    "precision": 0.9986111111111111,
    "recall": 0.9958448753462604,
    "mcc": 0.9942846440898284,
    "roc_auc": 0.9999080724634128,
    "confusion": [
      [
        677,
        1
      ],
      [
        3,
        719
      ]
    ]
  },
  "val_metrics": {
    "accuracy": 0.9666666666666667,
    "f1": 0.9673202614379085,
    "precision": 0.9548387096774194,
    "recall": 0.9801324503311258,
    "mcc": 0.9336506865926812,
    "roc_auc": 0.9967554113516156,
    "confusion": [
      [
        142,
        7
      ],
      [
        3,
        148
      ]
    ]
  },
  "elapsed_sec": 0.9555692672729492,
  "timestamp": "2026-05-15 04:40:15",
  "task_slug": "instant-gratification",
  "uses_test_set": false
}