{
  "task": "instant-gratification",
  "name": "instant-gratification",
  "problem_type": "classification_binary",
  "metric": "roc_auc",
  "champion_backbone": "mlp",
  "champion_composite": 0.9965977782960257,
  "champion_val": 0.9967554113516156,
  "champion_train": 0.9999080724634128,
  "test_score": 0.9794782763532763,
  "test_metrics": {
    "accuracy": 0.9266666666666666,
    "f1": 0.9320987654320988,
    "precision": 0.8988095238095238,
    "recall": 0.967948717948718,
    "mcc": 0.8553941464387314,
    "roc_auc": 0.9794782763532763,
    "confusion": [
      [
        127,
        17
      ],
      [
        5,
        151
      ]
    ]
  },
  "dsbench_baseline": 0.5,
  "delta_vs_dsbench": 0.47947827635327633,
  "beats_dsbench": true,
  "timestamp": "2026-05-16 05:40:02"
}