sample_id,actual,prediction,correct,confidence
0,49,55,0,0.7424336153324271
1,0,55,0,0.5253039861621409