sample_id,actual,prediction,correct,confidence
0,49,54,0,0.2750824090764276
1,0,85,0,0.5388443360228298