sample_id,actual,prediction,correct,confidence
0,49,54,0,0.34881635700773184
1,35,85,0,0.40015534180098694