sample_id,actual,prediction,correct,confidence
0,49,49,1,0.3160221662621471
1,0,85,0,0.4313911749623911