sample_id,actual,prediction,correct,confidence
0,49,54,0,0.381588201938879
1,35,85,0,0.42591583370382524