sample_id,actual,prediction,correct,confidence
0,49,55,0,0.42483210973402513
1,0,55,0,0.39503455882927807