sample_id,actual,prediction,correct,confidence
0,49,55,0,0.11483054108473002
1,0,55,0,0.11569090161377836