sample_id,actual,prediction,correct,confidence
0,49,55,0,0.6074437619446965
1,0,55,0,0.5925449864923229