sample_id,actual,prediction,correct,confidence
0,49,55,0,0.02445387633242437
1,0,55,0,0.02439203376186671