sample_id,actual,prediction,correct,confidence
0,49,55,0,0.3517874488497566
1,0,85,0,0.4313911749623911