sample_id,actual,prediction,correct,confidence
0,49,54,0,0.5072002352997967
1,35,85,0,0.5066421965390271