sample_id,actual,prediction,correct,confidence
0,49,54,0,0.3814355735887311
1,0,85,0,0.3758525804506039