sample_id,actual,prediction,correct,confidence
0,49,54,0,0.366250369627109
1,35,85,0,0.717932939944026