sample_id,actual,prediction,correct,confidence
0,49,55,0,0.2277128888753423
1,0,85,0,0.35975573425543195