sample_id,actual,prediction,correct,confidence
0,49,54,0,0.3814355747330376
1,35,85,0,0.3758525815781615