sample_id,actual,prediction,correct,confidence
0,49,55,0,0.35419265498279906
1,35,85,0,0.2730626793265036