sample_id,actual,prediction,correct,confidence
0,49,54,0,0.2186277562490615
1,0,85,0,0.21867780422300545