sample_id,actual,prediction,correct,confidence
0,49,54,0,0.366250368528358
1,0,85,0,0.7179329377902276