sample_id,actual,prediction,correct,confidence
0,49,54,0,0.20362199966837352
1,0,85,0,0.3894098086267839