sample_id,actual,prediction,correct,confidence
0,49,54,0,0.7497880816539201
1,0,85,0,0.9803594367314313