sample_id,actual,prediction,correct,confidence
0,49,54,0,0.9999998720000165
1,0,85,0,0.9999998720000158