sample_id,actual,prediction,correct,confidence
0,49,54,0,0.5072002337781962
1,0,85,0,0.5066421950191007