sample_id,actual,prediction,correct,confidence
0,49,54,0,0.38158820079411454
1,0,85,0,0.4259158324260779