sample_id,actual,prediction,correct,confidence
0,49,54,0,0.3488163559612829
1,0,85,0,0.40015534060052116