sample_id,actual,prediction,correct,confidence
0,78,60,0,0.6847524765860522
1,49,60,0,0.620118276127913