sample_id,actual,prediction,correct,confidence
0,78,85,0,0.37750717043966125
1,49,91,0,0.3828068447145132