sample_id,actual,prediction,correct,confidence
0,78,60,0,0.47414660144742093
1,49,60,0,0.2802440000730034