sample_id,actual,prediction,correct,confidence
0,78,60,0,0.13869308076209166
1,49,60,0,0.11805248290849728