sample_id,actual,prediction,correct,confidence
0,78,60,0,0.9176359989118411
1,49,60,0,0.7797434000764585