sample_id,actual,prediction,correct,confidence
0,78,85,0,0.32931764908110983
1,49,91,0,0.3424720711656587