sample_id,actual,prediction,correct,confidence
0,78,60,0,0.026219362223737972
1,49,60,0,0.02469519806919938