sample_id,actual,prediction,correct,confidence
0,78,49,0,0.3160221662621471
1,49,49,1,0.3160221662621471