sample_id,actual,prediction,correct,confidence
0,78,85,0,0.4999999380000075
1,49,91,0,0.5072247624558911