sample_id,actual,prediction,correct,confidence
0,78,60,0,0.9999998696298921
1,49,60,0,0.9999996864977863