sample_id,actual,prediction,correct,confidence
0,78,60,0,0.36884366498463617
1,49,91,0,0.3591391577953401