sample_id,actual,prediction,correct,confidence
0,78,60,0,0.5794495390167366
1,49,60,0,0.4501811381004582