sample_id,actual,prediction,correct,confidence
0,78,85,0,0.21643198055059049
1,49,60,0,0.2576238986551463