sample_id,actual,prediction,correct,confidence
0,78,60,0,0.47745246033394073
1,49,60,0,0.35325240067812247