sample_id,actual,prediction,correct,confidence
0,78,60,0,0.9999998726298913
1,49,60,0,0.999999689497785