sample_id,actual,prediction,correct,confidence
0,78,60,0,0.38233031815805374
1,49,60,0,0.25306191724177535