sample_id,actual,prediction,correct,confidence
0,78,60,0,0.3688436638781053
1,49,91,0,0.35913915671792285