sample_id,actual,prediction,correct,confidence
0,78,60,0,0.3418686867361161
1,49,55,0,0.20207541835220943