sample_id,actual,prediction,correct,confidence
0,78,85,0,0.40804280554580086
1,49,91,0,0.6642872966599334