sample_id,actual,prediction,correct,confidence
0,78,85,0,0.9999998730000156
1,49,91,0,0.9999998730000154