sample_id,actual,prediction,correct,confidence
0,78,85,0,0.4999999365000078
1,49,91,0,0.507224760934217