sample_id,actual,prediction,correct,confidence
0,78,85,0,0.37750716930713996
1,49,91,0,0.3828068435660929