sample_id,actual,prediction,correct,confidence
0,78,85,0,0.329317648093157
1,49,91,0,0.34247207013824266