sample_id,actual,prediction,correct,confidence
0,32,60,0,0.4947303529021829
1,31,45,0,0.30434551245408825
2,44,33,0,0.2853438899004709
3,40,39,0,0.23345719558222816