sample_id,actual,prediction,correct,confidence
0,32,78,0,0.02430616345886805
1,31,78,0,0.023443985124834636
2,44,78,0,0.023412882541345093
3,40,78,0,0.023542843311433467