sample_id,actual,prediction,correct,confidence
0,27,60,0,0.3278774678702441
1,26,44,0,0.3300091603652468
2,43,28,0,0.32550106271215534
3,36,34,0,0.324725880145443