sample_id,actual,prediction,correct,confidence
0,32,78,0,0.8063753149937862
1,31,78,0,0.7912845255611072
2,44,78,0,0.799330425269341
3,40,78,0,0.7765524541981541