sample_id,actual,prediction,correct,confidence
0,32,78,0,0.36732544237430664
1,31,78,0,0.3162113883119017
2,44,78,0,0.31602221626469384
3,40,78,0,0.3160221656632806