sample_id,actual,prediction,correct,confidence
0,32,78,0,0.11305515248977498
1,31,78,0,0.10278969430081095
2,44,78,0,0.10236264392166589
3,40,78,0,0.10385058494598118