sample_id,actual,prediction,correct,confidence
0,32,49,0,0.3160221662621471
1,31,49,0,0.3160221662621471
2,44,49,0,0.3160221662621471
3,40,49,0,0.3160221662621471