sample_id,actual,prediction,correct,confidence
0,32,78,0,0.6139179259132587
1,31,78,0,0.5926204033872566
2,44,78,0,0.59254158170092
3,40,78,0,0.5925415606169978