sample_id,actual,prediction,correct,confidence
0,32,78,0,0.2616429494290415
1,31,78,0,0.19775038185103533
2,44,78,0,0.19751391679202546
3,40,78,0,0.19751385354025897