sample_id,actual,prediction,correct,confidence
0,27,60,0,0.37625312022930946
1,26,44,0,0.3815324220029381
2,43,28,0,0.37625312022930946
3,36,34,0,0.37499995913282314