sample_id,actual,prediction,correct,confidence
0,27,60,0,0.4999999420000066
1,26,44,0,0.5072455556014288
2,43,28,0,0.4999999420000066
3,36,34,0,0.4999999420000066