sample_id,actual,prediction,correct,confidence
0,27,78,0,0.35293305083144344
1,26,78,0,0.26476273153200175
2,43,78,0,0.2408217781090108
3,36,78,0,0.2382627473815451