sample_id,actual,prediction,correct,confidence
0,27,60,0,0.2753027246194906
1,26,44,0,0.23114520519898393
2,43,28,0,0.20251472033282683
3,36,34,0,0.23165135791344788