sample_id,actual,prediction,correct,confidence
0,27,60,0,0.4947303543863738
1,26,44,0,0.3043455133671247
2,43,28,0,0.2853438907565024
3,36,34,0,0.23345719628259967