sample_id,actual,prediction,correct,confidence
0,32,60,0,0.21643198565312347
1,31,45,0,0.21864160989130962
2,44,33,0,0.21643198565312347
3,40,39,0,0.21643198565312347