sample_id,actual,prediction,correct,confidence
0,32,78,0,0.2406612168124676
1,31,78,0,0.19806617176046348
2,44,78,0,0.19790852838779024
3,40,49,0,0.19790848671900108