sample_id,actual,prediction,correct,confidence
0,32,78,0,0.4377804376711501
1,31,78,0,0.395185392619146
2,44,78,0,0.3950277492464727
3,40,78,0,0.3950277070786284