sample_id,actual,prediction,correct,confidence
0,32,60,0,0.27530272379358245
1,31,45,0,0.23114520450554837
2,44,33,0,0.2025147197252828
3,40,39,0,0.2316513572184939