sample_id,actual,prediction,correct,confidence
0,32,55,0,0.17163054991060206
1,31,45,0,0.1294344329911564
2,44,33,0,0.12312372840840803
3,40,115,0,0.15164861953309625