sample_id,actual,prediction,correct,confidence
0,32,60,0,0.5464510708155766
1,31,45,0,0.45503877547176164
2,44,33,0,0.35411075818357274
3,40,39,0,0.46274963853655204