sample_id,actual,prediction,correct,confidence
0,32,60,0,0.9999998810000144
1,31,45,0,0.9999998810000141
2,44,33,0,0.9999998810000141
3,40,39,0,0.9999998810000139