sample_id,actual,prediction,correct,confidence
0,32,60,0,0.49999994050000696
1,31,45,0,0.5072455540796923
2,44,33,0,0.49999994050000707
3,40,39,0,0.49999994050000685