sample_id,actual,prediction,correct,confidence
0,32,60,0,0.37625311910055026
1,31,45,0,0.38153242085834105
2,44,33,0,0.3762531191005504
3,40,39,0,0.37499995800782343