sample_id,actual,prediction,correct,confidence
0,32,60,0,0.3278774668866118
1,31,45,0,0.33000915937521946
2,44,33,0,0.3255010617356524
3,40,39,0,0.3247258791712655