sample_id,actual,prediction,correct,confidence
0,42,55,0,0.6145818612579673
1,30,55,0,0.5926194632989878
2,47,55,0,0.5925415729519135
3,16,55,0,0.5925415606165683