sample_id,actual,prediction,correct,confidence
0,42,55,0,0.024375717025407875
1,30,55,0,0.0235704079738298
2,47,55,0,0.023597887539614927
3,16,55,0,0.024249419390025135