sample_id,actual,prediction,correct,confidence
0,41,60,0,0.3279536190092481
1,25,54,0,0.3326601463113312
2,47,7,0,0.32456266692851815
3,11,6,0,0.42401741802319504