sample_id,actual,prediction,correct,confidence
0,41,60,0,0.3762526904710652
1,25,54,0,0.3850806311959681
2,47,7,0,0.3749999553750052
3,11,6,0,0.4666666111333399