sample_id,actual,prediction,correct,confidence
0,42,55,0,0.11384951706207282
1,30,55,0,0.10413149491303289
2,47,55,0,0.10442689039343181
3,16,55,0,0.11361802298105354