sample_id,actual,prediction,correct,confidence
0,42,49,0,0.3160221662621471
1,30,49,0,0.3160221662621471
2,47,49,0,0.3160221662621471
3,16,11,0,0.3766911459945002