sample_id,actual,prediction,correct,confidence
0,42,55,0,0.2636347554631665
1,30,54,0,0.198532990763487
2,47,55,0,0.1975138905450046
3,16,11,0,0.4704692998129662