sample_id,actual,prediction,correct,confidence
0,42,55,0,0.36891888720160676
1,30,55,0,0.3162091321000559
2,47,55,0,0.31602219526707725
3,16,11,0,0.3766911459945002