sample_id,actual,prediction,correct,confidence
0,42,55,0,0.803332894079934
1,30,55,0,0.7759131710697128
2,47,55,0,0.7709558381380528
3,16,55,0,0.5730605835605502