sample_id,actual,prediction,correct,confidence
0,42,60,0,0.4949650637354377
1,30,54,0,0.2935747235049864
2,47,12,0,0.25801296896651293
3,16,11,0,0.3361873469125781