sample_id,actual,prediction,correct,confidence
0,41,60,0,0.49999994050000696
1,25,54,0,0.5135379650972256
2,47,7,0,0.49999994050000696
3,11,6,0,0.5454544805454623