sample_id,actual,prediction,correct,confidence
0,41,55,0,0.3539522655310156
1,25,55,0,0.26149098488616684
2,47,55,0,0.2398385116279475
3,11,55,0,0.2381959871436901