sample_id,actual,prediction,correct,confidence
0,42,55,0,0.4391083083605669
1,30,55,0,0.3951835124426079
2,47,55,0,0.395027731748459
3,16,55,0,0.3950277070777687