sample_id,actual,prediction,correct,confidence
0,41,60,0,0.2778014899613127
1,25,54,0,0.2641844782369906
2,47,7,0,0.24606904866367438
3,11,6,0,0.6267662247240413