sample_id,actual,prediction,correct,confidence
0,42,55,0,0.24198908750188408
1,30,55,0,0.19806429158392502
2,47,55,0,0.19790851088977615
3,16,11,0,0.31417237678218957