sample_id,actual,prediction,correct,confidence
0,42,60,0,0.21643198373967354
1,30,54,0,0.2205682841821976
2,47,12,0,0.2164319837396735
3,16,11,0,0.23049125613585678