sample_id,actual,prediction,correct,confidence
0,41,60,0,0.4949650652203327
1,25,54,0,0.2935747243857105
2,47,7,0,0.2580129697405517
3,11,6,0,0.33618734792114013