sample_id,actual,prediction,correct,confidence
0,42,60,0,0.27780148912790825
1,30,54,0,0.26418447744443724
2,47,12,0,0.24606904792546733
3,16,11,0,0.6267662228437428