sample_id,actual,prediction,correct,confidence
0,42,53,0,0.17589719098343806
1,30,54,0,0.14131914382298005
2,47,10,0,0.1559534084705055
3,16,11,0,0.3370123092954216