sample_id,actual,prediction,correct,confidence
0,42,60,0,0.5318646871402785
1,30,54,0,0.5335183939947084
2,47,12,0,0.4706989351250206
3,16,11,0,0.9644310723825539