sample_id,actual,prediction,correct,confidence
0,42,60,0,0.999999878000015
1,30,54,0,0.999999878000015
2,47,12,0,0.9999998780000146
3,16,11,0,0.9999998780000146