sample_id,actual,prediction,correct,confidence
0,42,60,0,0.4999999390000073
1,30,54,0,0.5135379635566119
2,47,12,0,0.49999993900000717
3,16,11,0,0.5454544789090991