sample_id,actual,prediction,correct,confidence
0,42,60,0,0.3762526893423072
1,30,54,0,0.3850806300407264
2,47,12,0,0.3749999542500055
3,16,11,0,0.46666660973334023