sample_id,actual,prediction,correct,confidence
0,42,60,0,0.3279536180253874
1,30,54,0,0.3326601453133509
2,47,12,0,0.3245626659548302
3,16,11,0,0.42401741675114296