{
  "experiment_num": 91,
  "backbone": "mlp",
  "description": "mlp iter 16/25: Mid-small hidden.",
  "params": {
    "iterations": 400,
    "epochs": 30,
    "lr": 0.001,
    "hidden": [
      96,
      48
    ]
  },
  "metric": "roc_auc",
  "train_score": 0.9992832554129576,
  "val_score": 0.995110241820768,
  "composite": 0.9949015911411585,
  "train_metrics": {
    "accuracy": 0.9907142857142858,
    "f1": 0.9901440485216073,
    "precision": 0.9893939393939394,
    "recall": 0.9908952959028832,
    "mcc": 0.9813672133910695,
    "roc_auc": 0.9992832554129576,
    "confusion": [
      [
        734,
        7
      ],
      [
        6,
        653
      ]
    ]
  },
  "val_metrics": {
    "accuracy": 0.9566666666666667,
    "f1": 0.9576547231270358,
    "precision": 0.9483870967741935,
    "recall": 0.9671052631578947,
    "mcc": 0.9134776740327604,
    "roc_auc": 0.995110241820768,
    "confusion": [
      [
        140,
        8
      ],
      [
        5,
        147
      ]
    ]
  },
  "elapsed_sec": 0.742570161819458,
  "timestamp": "2026-05-15 08:15:55",
  "task_slug": "see-click-predict-fix",
  "uses_test_set": false
}