{
  "experiment_num": 4,
  "backbone": "excel_agent",
  "description": "excel_agent iter 4/25: LogReg with strong L2 (C=0.1). Stronger regularisation flattens the per-task one",
  "params": {
    "classifier": "logreg",
    "C": 0.1,
    "max_iter": 500,
    "seed": 42
  },
  "metric": "exact_match_accuracy",
  "train_score": 0.42857142857142855,
  "val_score": 0.3333333333333333,
  "composite": 0.3333333333333333,
  "train_metrics": {
    "accuracy": 0.42857142857142855,
    "f1": 0.36,
    "precision": 0.3333333333333333,
    "recall": 0.4,
    "mcc": 0.23693955110363693,
    "confusion": [
      [
        1,
        0,
        0,
        0,
        0
      ],
      [
        0,
        1,
        0,
        1,
        0
      ],
      [
        0,
        0,
        0,
        1,
        0
      ],
      [
        0,
        1,
        0,
        1,
        0
      ],
      [
        0,
        1,
        0,
        0,
        0
      ]
    ]
  },
  "val_metrics": {
    "accuracy": 1.0,
    "f1": 1.0,
    "precision": 1.0,
    "recall": 1.0,
    "mcc": 1.0,
    "confusion": [
      [
        1,
        0
      ],
      [
        0,
        1
      ]
    ]
  },
  "elapsed_sec": 1.1111712455749512,
  "timestamp": "2026-05-15 23:46:49",
  "task_slug": "2015-round-2-the-price-is-right",
  "uses_test_set": false
}