{
  "experiment_num": 2,
  "backbone": "excel_agent",
  "description": "excel_agent iter 2/25: Constant predictor: emit ``B`` for every Modeloff question. The diagnosis report",
  "params": {
    "classifier": "const",
    "const": "B",
    "seed": 42
  },
  "metric": "exact_match_accuracy",
  "train_score": 0.2857142857142857,
  "val_score": 0.24533333333333335,
  "composite": 0.24533333333333335,
  "train_metrics": {
    "accuracy": 0.2857142857142857,
    "f1": 0.08888888888888888,
    "precision": 0.05714285714285714,
    "recall": 0.2,
    "mcc": 0.0,
    "confusion": [
      [
        0,
        1,
        0,
        0,
        0
      ],
      [
        0,
        2,
        0,
        0,
        0
      ],
      [
        0,
        1,
        0,
        0,
        0
      ],
      [
        0,
        2,
        0,
        0,
        0
      ],
      [
        0,
        1,
        0,
        0,
        0
      ]
    ]
  },
  "val_metrics": {
    "accuracy": 0.5,
    "f1": 0.3333333333333333,
    "precision": 0.25,
    "recall": 0.5,
    "mcc": 0.0,
    "confusion": [
      [
        0,
        1
      ],
      [
        0,
        1
      ]
    ]
  },
  "elapsed_sec": 0.0029997825622558594,
  "timestamp": "2026-05-16 05:38:24",
  "task_slug": "2015-round-2-the-price-is-right",
  "uses_test_set": false
}