sample_id,actual,prediction,correct,confidence
0,105,101,0,0.3762541203037268
1,79,126,0,0.38034554620674094
2,130,128,0,0.3749999673928108
3,104,95,0,0.3749999673928108
4,56,50,0,0.38034554620674105
5,87,86,0,0.37499996739281083
6,108,107,0,0.3749999673928107
7,51,121,0,0.3749999673928107
8,97,88,0,0.37499996739281083
9,129,122,0,0.466666627899396