sample_id,actual,prediction,correct,confidence
0,105,58,0,0.024301073293727774
1,79,58,0,0.023233491456456184
2,130,58,0,0.02300516065341015
3,104,58,0,0.022910696557834835
4,56,58,0,0.022896234243730162
5,87,58,0,0.02290462847185722
6,108,58,0,0.022971462946818292
7,51,58,0,0.023166862693501006
8,97,58,0,0.02341515146165008
9,129,58,0,0.024148517843066004