sample_id,actual,prediction,correct,confidence
0,105,49,0,0.3160221662621471
1,79,49,0,0.3160221662621471
2,130,49,0,0.3160221662621471
3,104,49,0,0.3160221662621471
4,56,49,0,0.3160221662621471
5,87,49,0,0.3160221662621471
6,108,49,0,0.3160221662621471
7,51,49,0,0.3160221662621471
8,97,49,0,0.3160221662621471
9,129,122,0,0.3488578148328582