sample_id,actual,prediction,correct,confidence
0,105,58,0,0.3769178297637573
1,79,58,0,0.3165198069036554
2,130,58,0,0.3160226913035559
3,104,58,0,0.31602216578520204
4,56,58,0,0.3160221656621552
5,87,58,0,0.31602216566214714
6,108,58,0,0.31602216566214714
7,51,58,0,0.31602216566214714
8,97,58,0,0.31602216566214714
9,129,122,0,0.3488578148328582