sample_id,actual,prediction,correct,confidence
0,105,58,0,0.8262549425387498
1,79,58,0,0.8134401121947424
2,130,58,0,0.8372702595159569
3,104,58,0,0.8485111987270727
4,56,58,0,0.8507412241352027
5,87,58,0,0.8496406922509043
6,108,58,0,0.8408996681476224
7,51,58,0,0.823453950340441
8,97,58,0,0.79379678438111
9,129,58,0,0.5971345935468555