sample_id,actual,prediction,correct,confidence
0,105,101,0,0.3278782914747886
1,79,126,0,0.3287269268211078
2,130,128,0,0.3244448051367847
3,104,95,0,0.3243242964929127
4,56,50,0,0.32872692682110793
5,87,86,0,0.32444480513678475
6,108,107,0,0.32432429649291267
7,51,121,0,0.32432429649291267
8,97,88,0,0.32432429649291267
9,129,122,0,0.42395041218708573