sample_id,actual,prediction,correct,confidence
0,105,58,0,0.6179147539921968
1,79,58,0,0.592748911133821
2,130,58,0,0.5925417796337795
3,104,58,0,0.5925415606677987
4,56,58,0,0.5925415606165292
5,87,58,0,0.5925415606165259
6,108,58,0,0.5925415606165259
7,51,58,0,0.5925415606165259
8,97,58,0,0.5925415606165259
9,129,58,0,0.5925415606165259