sample_id,actual,prediction,correct,confidence
0,105,58,0,0.1130861087382602
1,79,58,0,0.10059461708879802
2,130,58,0,0.09822450612687579
3,104,58,0,0.09725493226908823
4,56,58,0,0.0970977706519007
5,87,58,0,0.09718472571261332
6,108,58,0,0.09790356945353705
7,51,58,0,0.09987115885301232
8,97,58,0,0.10242577994018862
9,129,58,0,0.11228859596514926