sample_id,actual,prediction,correct,confidence
0,105,101,0,0.49357859312274055
1,79,126,0,0.31380394658914057
2,130,128,0,0.24722782414003847
3,104,95,0,0.2098124393955669
4,56,82,0,0.1698292919028264
5,87,86,0,0.1824607137946566
6,108,107,0,0.15667716549381283
7,51,121,0,0.1472503794022004
8,97,88,0,0.15704447314586592
9,129,122,0,0.2430059843987315