sample_id,actual,prediction,correct,confidence
0,105,101,0,0.4999999495000049
1,79,126,0,0.5072511191335147
2,130,128,0,0.4999999495000049
3,104,95,0,0.4999999495000049
4,56,50,0,0.5072511191335147
5,87,86,0,0.4999999495000049
6,108,107,0,0.49999994950000504
7,51,121,0,0.4999999495000049
8,97,88,0,0.49999994950000515
9,129,122,0,0.545454495936198