sample_id,actual,prediction,correct,confidence
0,105,58,0,0.2736334336658547
1,79,58,0,0.1981359050907273
2,130,58,0,0.19751451059060296
3,104,58,0,0.1975138536926606
4,56,58,0,0.197513853538852
5,87,58,0,0.19751385353884196
6,108,58,0,0.19751385353884196
7,51,58,0,0.19751385353884196
8,97,58,0,0.19751385353884196
9,129,122,0,0.43567763586091374