sample_id,actual,prediction,correct,confidence
0,105,58,0,0.4457740938290257
1,79,58,0,0.39544240811227416
2,130,58,0,0.39502814511219125
3,104,58,0,0.39502770718022967
4,56,58,0,0.39502770707769064
5,87,58,0,0.3950277070776839
6,108,58,0,0.3950277070776839
7,51,58,0,0.3950277070776839
8,97,58,0,0.3950277070776839
9,129,58,0,0.3950277070776839