sample_id,actual,prediction,correct,confidence
0,105,101,0,0.25337964400937724
1,79,126,0,0.19981563080478076
2,130,128,0,0.16345336465079202
3,104,95,0,0.1494271758441962
4,56,50,0,0.15126136686997357
5,87,86,0,0.14435118127036167
6,108,107,0,0.15423007999184418
7,51,121,0,0.16960250270256488
8,97,106,0,0.2100674094766904
9,129,122,0,0.5803773393154715