sample_id,actual,prediction,correct,confidence
0,105,101,0,0.21643199522037332
1,79,126,0,0.21864331739839502
2,130,128,0,0.21643199522037332
3,104,95,0,0.21643199522037332
4,56,50,0,0.21864331739839502
5,87,86,0,0.21643199522037332
6,108,107,0,0.21643199522037332
7,51,121,0,0.2164319952203733
8,97,88,0,0.21643199522037335
9,129,122,0,0.2304912701841905