sample_id,actual,prediction,correct,confidence
0,105,58,0,0.2486548729703429
1,79,58,0,0.19832318725359127
2,130,58,0,0.1979089242535084
3,104,49,0,0.19790848671900102
4,56,49,0,0.19790848671900102
5,87,49,0,0.19790848671900102
6,108,49,0,0.19790848671900102
7,51,49,0,0.19790848671900102
8,97,49,0,0.19790848671900102
9,129,122,0,0.2909779341474879