sample_id,actual,prediction,correct,confidence
0,105,101,0,0.4935785946034761
1,79,126,0,0.31380394753055224
2,130,128,0,0.24722782488172187
3,104,95,0,0.20981244002500415
4,56,82,0,0.16982929241231423
5,87,86,0,0.18246071434203864
6,108,107,0,0.15667716596384423
7,51,121,0,0.1472503798439515
8,97,88,0,0.1570444736169993
9,129,122,0,0.24300598512774943