sample_id,actual,prediction,correct,confidence
0,105,58,0,0.3495497177506732
1,79,58,0,0.27254956298821076
2,130,58,0,0.2442962900418613
3,104,58,0,0.23883529688002836
4,56,58,0,0.23819576574874848
5,87,58,0,0.2381469365449527
6,108,58,0,0.2381444635944436
7,51,58,0,0.23814438067535879
8,97,58,0,0.23814437892256038
9,129,58,0,0.23814437890089543