sample_id,actual,prediction,correct,confidence
0,105,101,0,0.2533796432492384
1,79,126,0,0.19981563020533394
2,130,128,0,0.16345336416043196
3,104,95,0,0.14942717539591477
4,56,50,0,0.15126136641618954
5,87,86,0,0.1443511808373082
6,108,107,0,0.15423007952915402
7,51,121,0,0.16960250219375742
8,97,106,0,0.21006740884648822
9,129,122,0,0.5803773375743395