sample_id,actual,prediction,correct,confidence
0,105,100,0,0.16107140662449332
1,79,126,0,0.10816514365611754
2,130,128,0,0.09390333860446284
3,104,95,0,0.08764679082632482
4,56,50,0,0.08674433421903935
5,87,86,0,0.08629369433846981
6,108,117,0,0.0907700892788896
7,51,77,0,0.10243744932911622
8,97,106,0,0.13997329221244909
9,129,122,0,0.2922751530707597