sample_id,actual,prediction,correct,confidence
0,105,101,0,0.4637111756106651
1,79,126,0,0.3634473691734427
2,130,128,0,0.2650937806341104
3,104,95,0,0.24914159979034448
4,56,50,0,0.2989036752833568
5,87,86,0,0.24510572519347762
6,108,107,0,0.24999300355840623
7,51,121,0,0.27917552668887424
8,97,88,0,0.3533650261331888
9,129,122,0,0.9772566541132625