sample_id,actual,prediction,correct,confidence
0,105,101,0,0.9999998960000104
1,79,126,0,0.9999998960000102
2,130,128,0,0.9999998960000104
3,104,95,0,0.9999998960000102
4,56,50,0,0.9999998960000108
5,87,86,0,0.9999998960000102
6,108,107,0,0.9999998960000104
7,51,121,0,0.9999998960000104
8,97,88,0,0.9999998960000102
9,129,122,0,0.9999998960000104