sample_id,actual,prediction,correct,confidence
0,105,101,0,0.4999999480000051
1,79,126,0,0.5072511176117614
2,130,128,0,0.4999999480000051
3,104,95,0,0.4999999480000051
4,56,50,0,0.5072511176117616
5,87,86,0,0.4999999480000051
6,108,107,0,0.4999999480000052
7,51,121,0,0.4999999480000051
8,97,88,0,0.4999999480000053
9,129,122,0,0.5454544942998345