sample_id,actual,prediction,correct,confidence
0,105,101,0,0.3762541191749646
1,79,126,0,0.38034554506570434
2,130,128,0,0.3749999662678109
3,104,95,0,0.3749999662678109
4,56,50,0,0.38034554506570456
5,87,86,0,0.37499996626781096
6,108,107,0,0.37499996626781085
7,51,121,0,0.37499996626781085
8,97,88,0,0.37499996626781096
9,129,122,0,0.4666666264993961