sample_id,actual,prediction,correct,confidence
0,105,101,0,0.3278782904911538
1,79,126,0,0.3287269258349271
2,130,128,0,0.3244448041634503
3,104,95,0,0.3243242955199399
4,56,50,0,0.3287269258349273
5,87,86,0,0.3244448041634505
6,108,107,0,0.3243242955199398
7,51,121,0,0.3243242955199398
8,97,88,0,0.3243242955199398
9,129,122,0,0.42395041091523455