{
  "experiment_num": 79,
  "backbone": "mlp",
  "description": "mlp iter 4/25: Higher LR \u2014 test if baseline is under-optimised in compute budget.",
  "params": {
    "iterations": 400,
    "epochs": 30,
    "lr": 0.003
  },
  "metric": "roc_auc",
  "train_score": 0.9994384041692874,
  "val_score": 0.9988888888888889,
  "composite": 0.998861413124869,
  "train_metrics": {
    "accuracy": 0.9935714285714285,
    "f1": 0.9934065934065934,
    "precision": 0.9926793557833089,
    "recall": 0.9941348973607038,
    "mcc": 0.9871358315123092,
    "roc_auc": 0.9994384041692874,
    "confusion": [
      [
        713,
        5
      ],
      [
        4,
        678
      ]
    ]
  },
  "val_metrics": {
    "accuracy": 0.98,
    "f1": 0.9801324503311258,
    "precision": 0.9736842105263158,
    "recall": 0.9866666666666667,
    "mcc": 0.9600853447127969,
    "roc_auc": 0.9988888888888889,
    "confusion": [
      [
        146,
        4
      ],
      [
        2,
        148
      ]
    ]
  },
  "elapsed_sec": 0.653048038482666,
  "timestamp": "2026-05-15 07:37:55",
  "task_slug": "playground-series-s4e4",
  "uses_test_set": false
}