{
  "experiment_num": 99,
  "backbone": "mlp",
  "description": "mlp iter 24/25: Slightly above default.",
  "params": {
    "iterations": 400,
    "epochs": 30,
    "lr": 0.0015
  },
  "metric": "roc_auc",
  "train_score": 0.9999061155513467,
  "val_score": 0.9957953122204329,
  "composite": 0.9955897720538872,
  "train_metrics": {
    "accuracy": 0.9935714285714285,
    "f1": 0.9935298346513299,
    "precision": 0.9913916786226685,
    "recall": 0.9956772334293948,
    "mcc": 0.9871514512066133,
    "roc_auc": 0.9999061155513467,
    "confusion": [
      [
        700,
        6
      ],
      [
        3,
        691
      ]
    ]
  },
  "val_metrics": {
    "accuracy": 0.96,
    "f1": 0.9634146341463414,
    "precision": 0.9518072289156626,
    "recall": 0.9753086419753086,
    "mcc": 0.9196441553305092,
    "roc_auc": 0.9957953122204329,
    "confusion": [
      [
        130,
        8
      ],
      [
        4,
        158
      ]
    ]
  },
  "elapsed_sec": 0.9102561473846436,
  "timestamp": "2026-05-15 09:34:57",
  "task_slug": "tabular-playground-series-sep-2021",
  "uses_test_set": false
}