{
  "task": "playground-series-s3e18",
  "name": "playground-series-s3e18",
  "problem_type": "classification_binary",
  "metric": "roc_auc",
  "champion_backbone": "mlp",
  "champion_composite": 0.9986125001015144,
  "champion_val": 0.9986666074047736,
  "champion_train": 0.9997487534699597,
  "test_score": 0.9954323586046303,
  "test_metrics": {
    "accuracy": 0.9566666666666667,
    "f1": 0.9530685920577617,
    "precision": 0.9428571428571428,
    "recall": 0.9635036496350365,
    "mcc": 0.9130144326964776,
    "roc_auc": 0.9954323586046303,
    "confusion": [
      [
        155,
        8
      ],
      [
        5,
        132
      ]
    ]
  },
  "dsbench_baseline": 0.5,
  "delta_vs_dsbench": 0.4954323586046303,
  "beats_dsbench": true,
  "timestamp": "2026-05-16 12:10:03"
}