{
  "experiment_num": 92,
  "backbone": "mlp",
  "description": "mlp iter 17/25: Very wide.",
  "params": {
    "iterations": 400,
    "epochs": 30,
    "lr": 0.001,
    "hidden": [
      512,
      256
    ]
  },
  "metric": "roc_auc",
  "train_score": 0.9999101974838968,
  "val_score": 0.9950220009778212,
  "composite": 0.9947775911525174,
  "train_metrics": {
    "accuracy": 0.9985714285714286,
    "f1": 0.9985835694050992,
    "precision": 0.9985835694050992,
    "recall": 0.9985835694050992,
    "mcc": 0.9971426472148974,
    "roc_auc": 0.9999101974838968,
    "confusion": [
      [
        693,
        1
      ],
      [
        1,
        705
      ]
    ]
  },
  "val_metrics": {
    "accuracy": 0.95,
    "f1": 0.9488054607508533,
    "precision": 0.9788732394366197,
    "recall": 0.9205298013245033,
    "mcc": 0.9016588365570938,
    "roc_auc": 0.9950220009778212,
    "confusion": [
      [
        146,
        3
      ],
      [
        12,
        139
      ]
    ]
  },
  "elapsed_sec": 3.261284351348877,
  "timestamp": "2026-05-15 07:01:37",
  "task_slug": "playground-series-s3e6",
  "uses_test_set": false
}