{
  "experiment_num": 21,
  "backbone": "excel_agent",
  "description": "excel_agent iter 21/25: Strongly-regularised LogReg (C=0.1) blended at prior_weight=0.3 toward the per-t",
  "params": {
    "classifier": "logreg",
    "C": 0.1,
    "max_iter": 500,
    "prior_weight": 0.3,
    "seed": 42
  },
  "metric": "exact_match_accuracy",
  "train_score": 0.4166666666666667,
  "val_score": 0.27835,
  "composite": 0.27835,
  "train_metrics": {
    "accuracy": 0.4166666666666667,
    "f1": 0.19607843137254902,
    "precision": 0.1388888888888889,
    "recall": 0.3333333333333333,
    "mcc": 0.0,
    "confusion": [
      [
        0,
        5,
        0
      ],
      [
        0,
        5,
        0
      ],
      [
        0,
        2,
        0
      ]
    ]
  },
  "val_metrics": {
    "accuracy": 0.25,
    "f1": 0.13333333333333333,
    "precision": 0.08333333333333333,
    "recall": 0.3333333333333333,
    "mcc": 0.0,
    "confusion": [
      [
        1,
        0,
        0
      ],
      [
        1,
        0,
        0
      ],
      [
        2,
        0,
        0
      ]
    ]
  },
  "elapsed_sec": 0.8239181041717529,
  "timestamp": "2026-05-16 05:37:47",
  "task_slug": "2012-round-2-find-that-error",
  "uses_test_set": false
}