{
  "experiment_num": 90,
  "backbone": "mlp",
  "description": "mlp iter 15/25: Seed variance run #5.",
  "params": {
    "iterations": 400,
    "epochs": 30,
    "lr": 0.001,
    "seed": 12345
  },
  "metric": "roc_auc",
  "train_score": 0.9993932782585246,
  "val_score": 0.9956442508555936,
  "composite": 0.9954567994854471,
  "train_metrics": {
    "accuracy": 0.9907142857142858,
    "f1": 0.9910158949550795,
    "precision": 0.9889655172413793,
    "recall": 0.9930747922437673,
    "mcc": 0.9814167358430597,
    "roc_auc": 0.9993932782585246,
    "confusion": [
      [
        670,
        8
      ],
      [
        5,
        717
      ]
    ]
  },
  "val_metrics": {
    "accuracy": 0.9733333333333334,
    "f1": 0.974025974025974,
    "precision": 0.9554140127388535,
    "recall": 0.9933774834437086,
    "mcc": 0.9474087715383752,
    "roc_auc": 0.9956442508555936,
    "confusion": [
      [
        142,
        7
      ],
      [
        1,
        150
      ]
    ]
  },
  "elapsed_sec": 0.9558124542236328,
  "timestamp": "2026-05-15 04:40:30",
  "task_slug": "instant-gratification",
  "uses_test_set": false
}