{
  "experiment_num": 1,
  "backbone": "excel_agent",
  "description": "excel_agent iter 1/25: Constant predictor: emit ``A`` for every Modeloff question. The diagnosis report",
  "params": {
    "classifier": "const",
    "const": "A",
    "seed": 42
  },
  "metric": "exact_match_accuracy",
  "train_score": 0.14285714285714285,
  "val_score": 0.16977777777777778,
  "composite": 0.16977777777777778,
  "train_metrics": {
    "accuracy": 0.14285714285714285,
    "f1": 0.041666666666666664,
    "precision": 0.023809523809523808,
    "recall": 0.16666666666666666,
    "mcc": 0.0,
    "confusion": [
      [
        1,
        0,
        0,
        0,
        0,
        0
      ],
      [
        1,
        0,
        0,
        0,
        0,
        0
      ],
      [
        1,
        0,
        0,
        0,
        0,
        0
      ],
      [
        1,
        0,
        0,
        0,
        0,
        0
      ],
      [
        2,
        0,
        0,
        0,
        0,
        0
      ],
      [
        1,
        0,
        0,
        0,
        0,
        0
      ]
    ]
  },
  "val_metrics": {
    "accuracy": 0.0,
    "f1": 0.0,
    "precision": 0.0,
    "recall": 0.0,
    "mcc": 0.0,
    "confusion": [
      [
        0,
        0,
        0
      ],
      [
        1,
        0,
        0
      ],
      [
        1,
        0,
        0
      ]
    ]
  },
  "elapsed_sec": 0.00299835205078125,
  "timestamp": "2026-05-16 05:39:16",
  "task_slug": "2017-round-1-when-it-rains-it-pours",
  "uses_test_set": false
}