sample_id,actual,prediction,correct,confidence
0,49,60,0,0.4999999365000079
1,21,60,0,0.7499999047500119