sample_id,actual,prediction,correct,confidence
0,49,60,0,0.5585475381080409
1,23,60,0,0.7676536115317909