sample_id,actual,prediction,correct,confidence
0,49,60,0,0.5122459628985755
1,23,60,0,0.7631732510070754