sample_id,actual,prediction,correct,confidence
0,49,60,0,0.37750716930713984
1,21,60,0,0.6887535211535779