sample_id,actual,prediction,correct,confidence
0,49,60,0,0.45709643439547754
1,21,60,0,0.673067396676268