sample_id,actual,prediction,correct,confidence
0,49,60,0,0.1391193503264066
1,23,60,0,0.17253983593672045