sample_id,actual,prediction,correct,confidence
0,49,60,0,0.8613341958939996
1,23,60,0,0.9847042219638038