sample_id,actual,prediction,correct,confidence
0,49,60,0,0.6743014761317043
1,23,60,0,0.7788545128435793