sample_id,actual,prediction,correct,confidence
0,49,60,0,0.02623120392026458
1,23,60,0,0.028274958231320122