sample_id,actual,prediction,correct,confidence
0,49,60,0,0.47522102654587567
1,21,60,0,0.7402003709899977