sample_id,actual,prediction,correct,confidence
0,49,91,0,0.4019442549285606
1,21,60,0,0.7452518111439692