sample_id,actual,prediction,correct,confidence
0,49,60,0,0.33010085623408597
1,23,60,0,0.4279051472689439