sample_id,actual,prediction,correct,confidence
0,49,60,0,0.9996978968509663
1,21,60,0,0.9999996194373216