sample_id,actual,prediction,correct,confidence
0,49,60,0,0.361428317249358
1,23,60,0,0.5705343906731081