sample_id,actual,prediction,correct,confidence
0,49,91,0,0.4019442537227281
1,23,60,0,0.745251808908214