sample_id,actual,prediction,correct,confidence
0,49,91,0,0.35498233878922736
1,23,60,0,0.7172228436901352