sample_id,actual,prediction,correct,confidence
0,49,91,0,0.4542797532766844
1,23,60,0,0.7302773361487438