sample_id,actual,prediction,correct,confidence
0,49,60,0,0.999999870000017
1,23,60,0,0.999999870000017