sample_id,actual,prediction,correct,confidence
0,49,60,0,0.4999999350000084
1,23,60,0,0.7499999025000125