sample_id,actual,prediction,correct,confidence
0,49,60,0,0.3775071681746185
1,23,60,0,0.6887535190873177