sample_id,actual,prediction,correct,confidence
0,49,60,0,0.4570964330241884
1,23,60,0,0.6730673946570661