{
  "experiment_num": 93,
  "backbone": "mlp",
  "description": "mlp iter 18/25: Mid-high LR.",
  "params": {
    "iterations": 400,
    "epochs": 30,
    "lr": 0.002
  },
  "metric": "roc_auc",
  "train_score": 0.9992662553063639,
  "val_score": 0.9960803527682509,
  "composite": 0.9959210576413453,
  "train_metrics": {
    "accuracy": 0.9885714285714285,
    "f1": 0.9889958734525447,
    "precision": 0.9889958734525447,
    "recall": 0.9889958734525447,
    "mcc": 0.9771088006442238,
    "roc_auc": 0.9992662553063639,
    "confusion": [
      [
        665,
        8
      ],
      [
        8,
        719
      ]
    ]
  },
  "val_metrics": {
    "accuracy": 0.9666666666666667,
    "f1": 0.9652777777777778,
    "precision": 0.9586206896551724,
    "recall": 0.972027972027972,
    "mcc": 0.9333126916048708,
    "roc_auc": 0.9960803527682509,
    "confusion": [
      [
        151,
        6
      ],
      [
        4,
        139
      ]
    ]
  },
  "elapsed_sec": 0.6406357288360596,
  "timestamp": "2026-05-15 09:29:31",
  "task_slug": "tabular-playground-series-nov-2021",
  "uses_test_set": false
}