sample_id,actual,prediction,correct,confidence
0,55,60,0,0.9294520684272121
1,60,60,1,0.8212163193782959
2,54,60,0,0.7525349781294598
3,55,60,0,0.6666261354313291