sample_id,actual,prediction,correct,confidence
0,55,60,0,0.749999904750012
1,60,49,0,0.7432308925055547
2,54,60,0,0.499999936500008
3,55,49,0,0.5454544761818269