sample_id,actual,prediction,correct,confidence
0,55,49,0,0.3864627653338584
1,60,49,0,0.48541113484258075
2,54,49,0,0.5388239480219228
3,55,49,0,0.5508253749862354