sample_id,actual,prediction,correct,confidence
0,55,60,0,0.157467619665334
1,60,60,1,0.13787625286932295
2,54,60,0,0.12575904353170964
3,55,60,0,0.11700128561176407