sample_id,actual,prediction,correct,confidence
0,55,60,0,0.027390803720655006
1,60,60,1,0.02610778584084197
2,54,60,0,0.025268916551970517
3,55,60,0,0.02459678603859789