sample_id,actual,prediction,correct,confidence
0,55,60,0,0.6378999964114678
1,60,60,1,0.4877374213651646
2,54,60,0,0.4036687088040602
3,55,60,0,0.3365137668134322