sample_id,actual,prediction,correct,confidence
0,55,60,0,0.598336501766807
1,60,49,0,0.48145086487848987
2,54,60,0,0.32456266433201714
3,55,49,0,0.5154085419930946