sample_id,actual,prediction,correct,confidence
0,55,60,0,0.7266573234287428
1,60,60,1,0.6640895838261165
2,54,60,0,0.629060953592323
3,55,60,0,0.6010797277628946