sample_id,actual,prediction,correct,confidence
0,55,60,0,0.5998611419754927
1,60,60,1,0.4121579231676138
2,54,60,0,0.30707203246623327
3,55,49,0,0.2938986443352694