sample_id,actual,prediction,correct,confidence
0,55,60,0,0.6864559667824796
1,60,49,0,0.5573177460330437
2,54,60,0,0.374999952375006
3,55,49,0,0.46666660740000754