sample_id,actual,prediction,correct,confidence
0,55,60,0,0.977198896464671
1,60,55,0,0.8148300995059113
2,54,55,0,0.8694805897314738
3,55,49,0,0.7053190039696928