sample_id,actual,prediction,correct,confidence
0,55,60,0,0.4661400118434349
1,60,60,1,0.3410045326381823
2,54,49,0,0.38357663818548077
3,55,49,0,0.393577827322408