sample_id,actual,prediction,correct,confidence
0,55,60,0,0.9771988993962674
1,60,55,0,0.8148301019504013
2,54,55,0,0.8694805923399153
3,55,49,0,0.7053190060856497