sample_id,actual,prediction,correct,confidence
0,55,60,0,0.6173557357648378
1,60,60,1,0.4643332408553198
2,54,60,0,0.34327295204644814
3,55,49,0,0.28661882769301494