sample_id,actual,prediction,correct,confidence
0,55,60,0,0.5364630528582566
1,60,55,0,0.4116941091609573
2,54,49,0,0.3713363050469682
3,55,49,0,0.3913386833808297