sample_id,actual,prediction,correct,confidence
0,55,60,0,0.6632592327021177
1,60,60,1,0.5381237534968651
2,54,60,0,0.4680664930292781
3,55,60,0,0.4121040413704215