sample_id,actual,prediction,correct,confidence
0,55,60,0,0.4279051472689439
1,60,49,0,0.3017259170978848
2,54,60,0,0.3301008562340861
3,55,49,0,0.23049125067443268