sample_id,actual,prediction,correct,confidence
0,55,60,0,0.5364630512488676
1,60,55,0,0.4116941079258751
2,54,49,0,0.3713363039329594
3,55,49,0,0.3913386822068138