sample_id,actual,prediction,correct,confidence
0,55,60,0,0.5417305081806694
1,60,55,0,0.3936371417822595
2,54,49,0,0.3648483666581576
3,55,49,0,0.40877573480655954