sample_id,actual,prediction,correct,confidence
0,55,60,0,0.4951759602970072
1,60,55,0,0.3837719062424146
2,54,55,0,0.3772413170802012
3,55,49,0,0.4328968987367514