sample_id,actual,prediction,correct,confidence
0,55,60,0,0.999999870000017
1,60,49,0,0.9999998700000168
2,54,60,0,0.999999870000017
3,55,49,0,0.9999998700000168