sample_id,actual,prediction,correct,confidence
0,55,60,0,0.7499999025000126
1,60,49,0,0.7432308902758624
2,54,60,0,0.4999999350000084
3,55,49,0,0.5454544745454637