sample_id,actual,prediction,correct,confidence
0,55,60,0,0.6864559647231119
1,60,49,0,0.5573177443610907
2,54,60,0,0.3749999512500063
3,55,49,0,0.4666666060000079