sample_id,actual,prediction,correct,confidence
0,55,60,0,0.5983364999717977
1,60,49,0,0.48145086343413745
2,54,60,0,0.3245626633583293
3,55,49,0,0.5154085404468692