{
  "experiment_num": 100,
  "backbone": "mlp",
  "description": "mlp iter 25/25: Final variance seed (6th).",
  "params": {
    "iterations": 400,
    "epochs": 30,
    "lr": 0.001,
    "seed": 7
  },
  "metric": "roc_auc",
  "train_score": 0.9992769002306157,
  "val_score": 0.993999733321481,
  "composite": 0.9937358749760242,
  "train_metrics": {
    "accuracy": 0.9885714285714285,
    "f1": 0.9888888888888889,
    "precision": 0.9902642559109874,
    "recall": 0.9875173370319001,
    "mcc": 0.9771282245196947,
    "roc_auc": 0.9992769002306157,
    "confusion": [
      [
        672,
        7
      ],
      [
        9,
        712
      ]
    ]
  },
  "val_metrics": {
    "accuracy": 0.9633333333333334,
    "f1": 0.9632107023411371,
    "precision": 0.96,
    "recall": 0.9664429530201343,
    "mcc": 0.9266872599457043,
    "roc_auc": 0.993999733321481,
    "confusion": [
      [
        145,
        6
      ],
      [
        5,
        144
      ]
    ]
  },
  "elapsed_sec": 0.7370433807373047,
  "timestamp": "2026-05-15 07:28:04",
  "task_slug": "playground-series-s4e2",
  "uses_test_set": false
}