{
  "experiment_num": 89,
  "backbone": "mlp",
  "description": "mlp iter 14/25: Seed variance run #4.",
  "params": {
    "iterations": 400,
    "epochs": 30,
    "lr": 0.001,
    "seed": 2024
  },
  "metric": "roc_auc",
  "train_score": 0.9994999959183339,
  "val_score": 0.9935085145169179,
  "composite": 0.9932089404468472,
  "train_metrics": {
    "accuracy": 0.9964285714285714,
    "f1": 0.99644128113879,
    "precision": 0.9957325746799431,
    "recall": 0.9971509971509972,
    "mcc": 0.9928580685383216,
    "roc_auc": 0.9994999959183339,
    "confusion": [
      [
        695,
        3
      ],
      [
        2,
        700
      ]
    ]
  },
  "val_metrics": {
    "accuracy": 0.9433333333333334,
    "f1": 0.9423728813559322,
    "precision": 0.9391891891891891,
    "recall": 0.9455782312925171,
    "mcc": 0.8866561505849366,
    "roc_auc": 0.9935085145169179,
    "confusion": [
      [
        144,
        9
      ],
      [
        8,
        139
      ]
    ]
  },
  "elapsed_sec": 1.0195400714874268,
  "timestamp": "2026-05-15 07:22:25",
  "task_slug": "playground-series-s4e1",
  "uses_test_set": false
}