{
  "experiment_num": 92,
  "backbone": "mlp",
  "description": "mlp iter 17/25: Very wide.",
  "params": {
    "iterations": 400,
    "epochs": 30,
    "lr": 0.001,
    "hidden": [
      512,
      256
    ]
  },
  "metric": "roc_auc",
  "train_score": 0.9995612209079258,
  "val_score": 0.9933751278289094,
  "composite": 0.9930658231749585,
  "train_metrics": {
    "accuracy": 0.9892857142857143,
    "f1": 0.9893692416725727,
    "precision": 0.9844851904090268,
    "recall": 0.9943019943019943,
    "mcc": 0.9786195771680003,
    "roc_auc": 0.9995612209079258,
    "confusion": [
      [
        687,
        11
      ],
      [
        4,
        698
      ]
    ]
  },
  "val_metrics": {
    "accuracy": 0.9566666666666667,
    "f1": 0.9553264604810997,
    "precision": 0.9652777777777778,
    "recall": 0.9455782312925171,
    "mcc": 0.9134469448632466,
    "roc_auc": 0.9933751278289094,
    "confusion": [
      [
        148,
        5
      ],
      [
        8,
        139
      ]
    ]
  },
  "elapsed_sec": 3.1766161918640137,
  "timestamp": "2026-05-15 07:22:33",
  "task_slug": "playground-series-s4e1",
  "uses_test_set": false
}