{
  "experiment_num": 20,
  "backbone": "excel_agent",
  "description": "excel_agent iter 20/25: Multinomial Logistic Regression on the structural feature stack (year, question ",
  "params": {
    "classifier": "logreg",
    "C": 1.0,
    "max_iter": 500,
    "seed": 42
  },
  "metric": "exact_match_accuracy",
  "train_score": 0.6666666666666666,
  "val_score": 0.39045,
  "composite": 0.39045,
  "train_metrics": {
    "accuracy": 0.6666666666666666,
    "f1": 0.4,
    "precision": 0.3333333333333333,
    "recall": 0.5,
    "mcc": 0.554700196225229,
    "confusion": [
      [
        0,
        0,
        0,
        1
      ],
      [
        0,
        0,
        1,
        0
      ],
      [
        0,
        0,
        2,
        0
      ],
      [
        0,
        0,
        0,
        2
      ]
    ]
  },
  "val_metrics": {
    "accuracy": 0.5,
    "f1": 0.3333333333333333,
    "precision": 0.3333333333333333,
    "recall": 0.3333333333333333,
    "mcc": 0.5,
    "confusion": [
      [
        0,
        0,
        0
      ],
      [
        1,
        0,
        0
      ],
      [
        0,
        0,
        1
      ]
    ]
  },
  "elapsed_sec": 0.4286355972290039,
  "timestamp": "2026-05-16 05:38:21",
  "task_slug": "2015-round-1-tax",
  "uses_test_set": false
}