{
  "experiment_num": 80,
  "backbone": "mlp",
  "description": "mlp iter 5/25: Larger hidden \u2014 increases representational capacity.",
  "params": {
    "iterations": 400,
    "epochs": 30,
    "hidden": [
      256,
      128
    ]
  },
  "metric": "roc_auc",
  "train_score": 0.9991688381705455,
  "val_score": 0.991818949802143,
  "composite": 0.9914514553837229,
  "train_metrics": {
    "accuracy": 0.9857142857142858,
    "f1": 0.9852941176470589,
    "precision": 0.9882005899705014,
    "recall": 0.9824046920821115,
    "mcc": 0.9714213481098928,
    "roc_auc": 0.9991688381705455,
    "confusion": [
      [
        710,
        8
      ],
      [
        12,
        670
      ]
    ]
  },
  "val_metrics": {
    "accuracy": 0.95,
    "f1": 0.9488054607508533,
    "precision": 0.952054794520548,
    "recall": 0.9455782312925171,
    "mcc": 0.8999666590384483,
    "roc_auc": 0.991818949802143,
    "confusion": [
      [
        146,
        7
      ],
      [
        8,
        139
      ]
    ]
  },
  "elapsed_sec": 2.177513599395752,
  "timestamp": "2026-05-15 07:32:40",
  "task_slug": "playground-series-s4e3",
  "uses_test_set": false
}