{
  "task": "playground-series-s4e3",
  "name": "playground-series-s4e3",
  "problem_type": "classification_binary",
  "metric": "roc_auc",
  "champion_backbone": "mlp",
  "champion_composite": 0.9914514553837229,
  "champion_val": 0.991818949802143,
  "champion_train": 0.9991688381705455,
  "test_score": 0.9909232480533927,
  "test_metrics": {
    "accuracy": 0.9466666666666667,
    "f1": 0.9473684210526315,
    "precision": 0.9664429530201343,
    "recall": 0.9290322580645162,
    "mcc": 0.8940722578683428,
    "roc_auc": 0.9909232480533927,
    "confusion": [
      [
        140,
        5
      ],
      [
        11,
        144
      ]
    ]
  },
  "dsbench_baseline": 0.5,
  "delta_vs_dsbench": 0.4909232480533927,
  "beats_dsbench": true,
  "timestamp": "2026-05-16 13:12:21"
}