{
  "experiment_num": 79,
  "backbone": "mlp",
  "description": "mlp iter 4/25: Higher LR \u2014 test if baseline is under-optimised in compute budget.",
  "params": {
    "iterations": 400,
    "epochs": 30,
    "lr": 0.003
  },
  "metric": "roc_auc",
  "train_score": 0.9996366983637139,
  "val_score": 0.9954771394026242,
  "composite": 0.9952691614545697,
  "train_metrics": {
    "accuracy": 0.995,
    "f1": 0.9950389794472005,
    "precision": 0.9971590909090909,
    "recall": 0.9929278642149929,
    "mcc": 0.9900085215346909,
    "roc_auc": 0.9996366983637139,
    "confusion": [
      [
        691,
        2
      ],
      [
        5,
        702
      ]
    ]
  },
  "val_metrics": {
    "accuracy": 0.9633333333333334,
    "f1": 0.9663608562691132,
    "precision": 0.9634146341463414,
    "recall": 0.9693251533742331,
    "mcc": 0.9260895611665233,
    "roc_auc": 0.9954771394026242,
    "confusion": [
      [
        131,
        6
      ],
      [
        5,
        158
      ]
    ]
  },
  "elapsed_sec": 0.7094154357910156,
  "timestamp": "2026-05-15 03:37:00",
  "task_slug": "cat-in-the-dat-ii",
  "uses_test_set": false
}