{
  "experiment_num": 99,
  "backbone": "mlp",
  "description": "mlp iter 24/25: Slightly above default.",
  "params": {
    "iterations": 400,
    "epochs": 30,
    "lr": 0.0015
  },
  "metric": "roc_auc",
  "train_score": 0.9987529365181416,
  "val_score": 0.9952980162106488,
  "composite": 0.9951252701952742,
  "train_metrics": {
    "accuracy": 0.9864285714285714,
    "f1": 0.9865343727852587,
    "precision": 0.9886363636363636,
    "recall": 0.9844413012729845,
    "mcc": 0.9728645272804536,
    "roc_auc": 0.9987529365181416,
    "confusion": [
      [
        685,
        8
      ],
      [
        11,
        696
      ]
    ]
  },
  "val_metrics": {
    "accuracy": 0.9533333333333334,
    "f1": 0.9565217391304348,
    "precision": 0.9685534591194969,
    "recall": 0.9447852760736196,
    "mcc": 0.9065045460448777,
    "roc_auc": 0.9952980162106488,
    "confusion": [
      [
        132,
        5
      ],
      [
        9,
        154
      ]
    ]
  },
  "elapsed_sec": 0.7977306842803955,
  "timestamp": "2026-05-15 03:37:45",
  "task_slug": "cat-in-the-dat-ii",
  "uses_test_set": false
}